Date,Open,High,Low,Close,Volume
2015-01-02,46.660000,47.419998,46.540001,46.759998,27913900
2015-01-05,46.369999,46.730000,46.250000,46.330002,39673900
2015-01-06,46.380001,46.750000,45.540001,45.650002,36447900
2015-01-07,45.980000,46.459999,45.490002,46.230000,29114100
2015-01-08,46.750000,47.750000,46.720001,47.590000,29645200
2015-01-09,47.610001,47.820000,46.900002,47.189999,23944200
2015-01-12,47.419998,47.540001,46.360001,46.599998,23651900
2015-01-13,46.970001,47.910000,46.060001,46.360001,35270600
2015-01-14,45.959999,46.240002,45.619999,45.959999,29719600
2015-01-15,46.220001,46.380001,45.410000,45.480000,32750800
2015-01-16,45.310001,46.279999,45.169998,46.240002,35695300
2015-01-20,46.299999,46.650002,45.570000,46.389999,36161900
2015-01-21,45.939999,46.139999,45.480000,45.919998,39081100
2015-01-22,46.380001,47.139999,46.080002,47.130001,35898000
2015-01-23,47.360001,47.389999,46.799999,47.180000,26211600
2015-01-26,47.000000,47.130001,46.240002,47.009998,42525500
2015-01-27,42.950001,43.200001,42.110001,42.660000,169164000
2015-01-28,42.740002,42.790001,41.160000,41.189999,84507100
2015-01-29,40.930000,42.119999,40.790001,42.009998,63585300
2015-01-30,41.549999,41.580002,40.349998,40.400002,78004900
2015-02-02,40.590000,41.369999,40.230000,41.279999,50352500
2015-02-03,41.630001,41.930000,41.049999,41.599998,52082400
2015-02-04,41.939999,42.209999,41.360001,41.840000,41614800
2015-02-05,42.220001,42.639999,41.860001,42.450001,36548200
2015-02-06,42.680000,42.790001,42.150002,42.410000,34616600
2015-02-09,42.240002,42.740002,42.209999,42.360001,31381100
2015-02-10,42.740002,42.770000,42.180000,42.599998,29670700
2015-02-11,42.650002,42.650002,42.209999,42.380001,38262500
2015-02-12,42.660000,43.090000,42.509998,43.090000,33268800
2015-02-13,43.380001,43.869999,43.150002,43.869999,40264900
2015-02-17,43.970001,44.000000,43.189999,43.580002,33695700
2015-02-18,43.630001,43.700001,43.389999,43.529999,27111700
2015-02-19,43.180000,43.529999,43.049999,43.500000,27603400
2015-02-20,43.509998,43.880001,43.290001,43.860001,29721100
2015-02-23,43.700001,44.189999,43.650002,44.150002,32518800
2015-02-24,44.150002,44.299999,43.919998,44.090000,25271700
2015-02-25,43.950001,44.090000,43.799999,43.990002,29759800
2015-02-26,43.990002,44.230000,43.889999,44.060001,28957300
2015-02-27,44.130001,44.200001,43.660000,43.849998,33807700
2015-03-02,43.669998,44.189999,43.549999,43.880001,31924000
2015-03-03,43.560001,43.830002,43.090000,43.279999,31748600
2015-03-04,43.009998,43.209999,42.880001,43.060001,25748700
2015-03-05,43.070000,43.240002,42.820000,43.110001,23193500
2015-03-06,43.000000,43.110001,42.150002,42.360001,36248800
2015-03-09,42.189999,43.130001,42.189999,42.849998,32108000
2015-03-10,42.349998,42.709999,42.029999,42.029999,39159700
2015-03-11,42.310001,42.369999,41.840000,41.980000,32215300
2015-03-12,41.330002,41.650002,40.860001,41.020000,59992500
2015-03-13,40.700001,41.470001,40.610001,41.380001,58007700
2015-03-16,41.470001,41.639999,41.279999,41.560001,35273500
2015-03-17,41.369999,41.830002,41.150002,41.700001,31673400
2015-03-18,41.430000,42.830002,41.330002,42.500000,44194800
2015-03-19,42.259998,42.590000,42.220001,42.290001,33879100
2015-03-20,42.560001,42.980000,42.490002,42.880001,71904500
2015-03-23,42.880001,43.130001,42.779999,42.860001,26246100
2015-03-24,42.779999,43.169998,42.750000,42.900002,25513300
2015-03-25,42.919998,42.930000,41.439999,41.459999,43469900
2015-03-26,41.220001,41.610001,40.919998,41.209999,37495600
2015-03-27,41.119999,41.430000,40.830002,40.970001,34401400
2015-03-30,41.099998,41.540001,40.910000,40.959999,35049700
2015-03-31,40.779999,41.029999,40.540001,40.660000,34887200
2015-04-01,40.599998,40.759998,40.310001,40.720001,36865300
2015-04-02,40.660000,40.740002,40.119999,40.290001,37487500
2015-04-06,40.340000,41.779999,40.180000,41.549999,39223700
2015-04-07,41.610001,41.910000,41.310001,41.529999,28809400
2015-04-08,41.459999,41.689999,41.040001,41.419998,24753400
2015-04-09,41.250000,41.619999,41.250000,41.480000,25723900
2015-04-10,41.630001,41.950001,41.410000,41.720001,28022000
2015-04-13,41.400002,42.060001,41.389999,41.759998,30276700
2015-04-14,41.799999,42.029999,41.389999,41.650002,24244400
2015-04-15,41.759998,42.459999,41.680000,42.259998,27343600
2015-04-16,41.950001,42.340000,41.820000,42.160000,22509700
2015-04-17,41.669998,41.740002,41.160000,41.619999,42387600
2015-04-20,41.730000,43.169998,41.680000,42.910000,46057700
2015-04-21,43.000000,43.150002,42.529999,42.639999,26013800
2015-04-22,42.669998,43.130001,42.549999,42.990002,25064300
2015-04-23,42.889999,43.610001,42.799999,43.340000,46309500
2015-04-24,45.660000,48.139999,45.650002,47.869999,130933700
2015-04-27,47.230000,48.130001,47.220001,48.029999,59248200
2015-04-28,47.779999,49.209999,47.700001,49.160000,60730800
2015-04-29,48.720001,49.310001,48.500000,49.060001,47804600
2015-04-30,48.700001,49.540001,48.599998,48.639999,64725500
2015-05-01,48.580002,48.880001,48.400002,48.660000,38937300
2015-05-04,48.369999,48.869999,48.180000,48.240002,34039500
2015-05-05,47.820000,48.160000,47.310001,47.599998,50369200
2015-05-06,47.570000,47.770000,46.020000,46.279999,52433000
2015-05-07,46.270000,47.090000,46.160000,46.700001,32971700
2015-05-08,47.549999,47.980000,47.520000,47.750000,35364900
2015-05-11,47.549999,47.910000,47.369999,47.369999,24609400
2015-05-12,46.849998,47.680000,46.419998,47.349998,29928300
2015-05-13,48.189999,48.320000,47.570000,47.630001,34184600
2015-05-14,48.029999,48.820000,48.029999,48.720001,32980900
2015-05-15,48.869999,48.910000,48.049999,48.299999,28642700
2015-05-18,47.980000,48.220001,47.610001,48.009998,24136500
2015-05-19,47.560001,47.810001,47.180000,47.580002,28574800
2015-05-20,47.389999,47.930000,47.270000,47.580002,25047900
2015-05-21,47.279999,47.599998,47.009998,47.419998,22410700
2015-05-22,47.299999,47.349998,46.820000,46.900002,25720600
2015-05-26,46.830002,46.880001,46.189999,46.590000,29581900
2015-05-27,46.820000,47.770000,46.619999,47.610001,27335600
2015-05-28,47.500000,48.020000,47.389999,47.450001,19283700
2015-05-29,47.430000,47.570000,46.590000,46.860001,36519600
2015-06-01,47.060001,47.770000,46.619999,47.230000,28837300
2015-06-02,46.930000,47.349998,46.619999,46.919998,21498300
2015-06-03,47.369999,47.740002,46.820000,46.849998,28002200
2015-06-04,46.790001,47.160000,46.200001,46.360001,27745500
2015-06-05,46.310001,46.520000,45.840000,46.139999,25438100
2015-06-08,46.299999,46.430000,45.669998,45.730000,22121600
2015-06-09,45.759998,45.939999,45.459999,45.650002,24406100
2015-06-10,45.790001,46.830002,45.689999,46.610001,28417400
2015-06-11,46.660000,46.919998,46.130001,46.439999,27347800
2015-06-12,46.220001,46.470001,45.900002,45.970001,23931000
2015-06-15,45.450001,45.650002,45.020000,45.480000,33254500
2015-06-16,45.349998,46.240002,45.299999,45.830002,27070300
2015-06-17,45.730000,46.070000,45.360001,45.970001,28704100
2015-06-18,46.220001,46.799999,46.169998,46.720001,32658300
2015-06-19,46.790001,46.830002,45.990002,46.099998,63837000
2015-06-22,46.330002,46.720001,46.160000,46.230000,20318100
2015-06-23,46.130001,46.279999,45.619999,45.910000,25896500
2015-06-24,45.669998,46.250000,45.549999,45.639999,34890900
2015-06-25,46.029999,46.060001,45.500000,45.650002,20616000
2015-06-26,45.650002,46.279999,45.029999,45.259998,49835300
2015-06-29,45.040001,45.230000,44.360001,44.369999,34081700
2015-06-30,44.709999,44.720001,43.939999,44.150002,35945400
2015-07-01,44.459999,45.230000,44.099998,44.450001,28343900
2015-07-02,44.480000,44.750000,44.060001,44.400002,21752000
2015-07-06,43.959999,44.480000,43.950001,44.389999,23034000
2015-07-07,44.340000,44.490002,43.320000,44.299999,36435800
2015-07-08,44.439999,44.900002,44.029999,44.240002,39785900
2015-07-09,44.750000,45.220001,44.500000,44.520000,32424700
2015-07-10,45.009998,45.139999,44.570000,44.610001,25465800
2015-07-13,44.980000,45.619999,44.950001,45.540001,28178300
2015-07-14,45.450001,45.959999,45.310001,45.619999,22880300
2015-07-15,45.680000,45.889999,45.430000,45.759998,26629600
2015-07-16,46.009998,46.689999,45.970001,46.660000,26271700
2015-07-17,46.549999,46.779999,46.259998,46.619999,29467100
2015-07-20,46.650002,47.130001,46.439999,46.919998,30631900
2015-07-21,46.779999,47.330002,46.480000,47.279999,42781900
2015-07-22,45.439999,46.930000,45.200001,45.540001,59152400
2015-07-23,45.270000,46.230000,45.099998,46.110001,33934000
2015-07-24,45.910000,46.320000,45.799999,45.939999,32333200
2015-07-27,45.939999,46.009998,45.250000,45.349998,39701400
2015-07-28,45.580002,45.639999,44.790001,45.340000,34328900
2015-07-29,45.400002,46.779999,45.259998,46.290001,40945900
2015-07-30,46.259998,47.400002,45.930000,46.880001,39777900
2015-07-31,47.290001,47.369999,46.500000,46.700001,31201500
2015-08-03,46.980000,47.000000,46.450001,46.810001,24125900
2015-08-04,46.750000,47.709999,46.680000,47.540001,33403900
2015-08-05,47.980000,48.410000,47.540001,47.580002,26959700
2015-08-06,47.709999,47.770000,46.330002,46.619999,27368000
2015-08-07,46.389999,46.779999,46.259998,46.740002,19163000
2015-08-10,46.950001,47.490002,46.840000,47.330002,23079900
2015-08-11,46.820000,46.939999,45.900002,46.410000,29237400
2015-08-12,46.189999,46.900002,45.709999,46.740002,30181400
2015-08-13,47.060001,47.099998,46.490002,46.730000,22627200
2015-08-14,46.529999,47.099998,46.520000,47.000000,21473400
2015-08-17,46.810001,47.450001,46.570000,47.320000,21099700
2015-08-18,46.840000,47.430000,46.700001,47.270000,23574100
2015-08-19,46.779999,47.080002,46.299999,46.610001,31485500
2015-08-20,46.070000,46.470001,45.660000,45.660000,36238200
2015-08-21,45.299999,45.480000,43.070000,43.070000,70053100
2015-08-24,40.450001,42.689999,39.720001,41.680000,88753700
2015-08-25,42.570000,43.240002,40.389999,40.470001,70616600
2015-08-26,42.009998,42.840000,41.060001,42.709999,63408000
2015-08-27,43.230000,43.950001,42.930000,43.900002,50943200
2015-08-28,43.400002,44.150002,43.389999,43.930000,28246700
2015-08-31,43.560001,43.930000,43.099998,43.520000,34441700
2015-09-01,42.169998,42.590000,41.660000,41.820000,49688900
2015-09-02,42.360001,43.380001,41.880001,43.360001,37671500
2015-09-03,43.410000,43.980000,43.279999,43.500000,28285200
2015-09-04,42.810001,43.040001,42.200001,42.610001,37138800
2015-09-08,43.299999,44.000000,43.200001,43.889999,32469800
2015-09-09,44.209999,44.400002,42.910000,43.070000,33469500
2015-09-10,43.119999,43.790001,42.750000,43.290001,31366600
2015-09-11,43.139999,43.590000,42.939999,43.480000,27132500
2015-09-14,43.430000,43.439999,42.860001,43.040001,23656000
2015-09-15,43.189999,44.290001,43.080002,43.980000,28882200
2015-09-16,43.970001,44.380001,43.840000,44.299999,23372200
2015-09-17,44.290001,45.000000,44.080002,44.250000,32768200
2015-09-18,43.500000,43.990002,43.330002,43.480000,63143700
2015-09-21,43.619999,44.470001,43.599998,44.110001,26177200
2015-09-22,43.380001,44.049999,43.310001,43.900002,28085900
2015-09-23,43.930000,44.169998,43.509998,43.869999,17145200
2015-09-24,43.450001,44.130001,43.270000,43.910000,27905600
2015-09-25,44.480000,44.730000,43.759998,43.939999,29384600
2015-09-28,43.830002,44.090000,43.209999,43.290001,27613800
2015-09-29,43.369999,43.570000,43.049999,43.439999,32763600
2015-09-30,43.880001,44.299999,43.660000,44.259998,34958900
2015-10-01,44.750000,44.750000,43.750000,44.610001,28657900
2015-10-02,44.270000,45.570000,43.919998,45.570000,41839000
2015-10-05,45.750000,46.889999,45.700001,46.630001,34369300
2015-10-06,46.330002,47.180000,46.220001,46.750000,27017200
2015-10-07,47.099998,47.349998,45.950001,46.799999,27711500
2015-10-08,46.560001,47.520000,46.500000,47.450001,33772700
2015-10-09,47.450001,47.540001,46.919998,47.110001,28600600
2015-10-12,46.980000,47.070000,46.500000,47.000000,19769100
2015-10-13,46.560001,47.130001,46.560001,46.889999,19987800
2015-10-14,46.650002,47.099998,46.529999,46.680000,24697800
2015-10-15,47.009998,47.029999,46.529999,47.009998,27189400
2015-10-16,47.020000,47.540001,46.900002,47.509998,26450300
2015-10-19,47.419998,47.880001,47.020000,47.619999,29387600
2015-10-20,47.439999,47.810001,47.020000,47.770000,30802200
2015-10-21,47.919998,47.990002,47.110001,47.200001,25144300
2015-10-22,47.529999,48.950001,47.090000,48.029999,56637100
2015-10-23,52.299999,54.070000,52.250000,52.869999,135227100
2015-10-26,52.529999,54.320000,52.500000,54.250000,64633300
2015-10-27,53.990002,54.369999,53.580002,53.689999,50999900
2015-10-28,53.540001,53.980000,52.860001,53.980000,47000800
2015-10-29,53.540001,53.830002,53.220001,53.360001,30202100
2015-10-30,53.320000,53.990002,52.619999,52.639999,46619800
2015-11-02,52.849998,53.360001,52.619999,53.240002,30285000
2015-11-03,52.930000,54.389999,52.900002,54.150002,36596900
2015-11-04,54.180000,54.880001,54.060001,54.400002,37087800
2015-11-05,54.490002,54.700001,54.000000,54.380001,31468500
2015-11-06,54.090000,54.980000,53.959999,54.919998,32851200
2015-11-09,54.549999,54.869999,53.560001,54.160000,32513100
2015-11-10,54.070000,54.130001,53.270000,53.509998,55283700
2015-11-11,53.700001,54.200001,53.459999,53.650002,36516300
2015-11-12,53.480000,53.980000,53.189999,53.320000,35361100
2015-11-13,53.070000,53.290001,52.529999,52.840000,36848200
2015-11-16,53.080002,53.889999,52.849998,53.770000,32165200
2015-11-17,53.169998,53.529999,52.849998,52.970001,31551300
2015-11-18,53.000000,53.980000,52.980000,53.849998,29710000
2015-11-19,53.990002,54.660000,53.779999,53.939999,28149200
2015-11-20,54.250000,54.299999,53.270000,54.189999,37147600
2015-11-23,54.250000,54.459999,53.750000,54.189999,28235900
2015-11-24,53.919998,54.439999,53.580002,54.250000,24600000
2015-11-25,54.090000,54.230000,53.689999,53.689999,21005100
2015-11-27,53.799999,54.080002,53.790001,53.930000,9009100
2015-11-30,54.540001,54.959999,54.000000,54.349998,56241400
2015-12-01,54.410000,55.230000,54.299999,55.220001,39952800
2015-12-02,55.320000,55.959999,55.060001,55.209999,47274900
2015-12-03,55.490002,55.770000,53.930000,54.200001,38627800
2015-12-04,54.119999,56.230000,54.099998,55.910000,43963700
2015-12-07,55.790001,55.970001,55.290001,55.810001,30709800
2015-12-08,55.470001,56.099998,54.990002,55.790001,32878000
2015-12-09,55.369999,55.869999,54.509998,54.980000,36373200
2015-12-10,55.389999,55.660000,55.009998,55.270000,31775800
2015-12-11,54.709999,55.099998,54.009998,54.060001,39549500
2015-12-14,54.330002,55.209999,53.680000,55.139999,46768900
2015-12-15,55.660000,55.900002,55.090000,55.200001,39843000
2015-12-16,55.540001,56.250000,54.759998,56.130001,37503300
2015-12-17,56.360001,56.790001,55.529999,55.700001,41280900
2015-12-18,55.770000,56.000000,54.029999,54.130001,84684200
2015-12-21,54.880001,55.349998,54.230000,54.830002,37246300
2015-12-22,54.990002,55.480000,54.500000,55.349998,28322200
2015-12-23,55.700001,55.880001,55.439999,55.820000,27279800
2015-12-24,55.860001,55.959999,55.430000,55.669998,9558500
2015-12-28,55.349998,55.950001,54.980000,55.950001,22458300
2015-12-29,56.290001,56.849998,56.060001,56.549999,27731400
2015-12-30,56.470001,56.779999,56.290001,56.310001,21704500
2015-12-31,56.040001,56.189999,55.419998,55.480000,27334100
2016-01-04,54.320000,54.799999,53.389999,54.799999,53778000
2016-01-05,54.930000,55.389999,54.540001,55.049999,34079700
2016-01-06,54.320000,54.400002,53.639999,54.049999,39518900
2016-01-07,52.700001,53.490002,52.070000,52.169998,56564900
2016-01-08,52.369999,53.279999,52.150002,52.330002,48754000
2016-01-11,52.509998,52.849998,51.459999,52.299999,36943800
2016-01-12,52.759998,53.099998,52.060001,52.779999,36095500
2016-01-13,53.799999,54.070000,51.299999,51.639999,66883600
2016-01-14,52.000000,53.419998,51.570000,53.110001,52381900
2016-01-15,51.310001,51.970001,50.340000,50.990002,71820700
2016-01-19,51.480000,51.680000,50.060001,50.560001,43564500
2016-01-20,49.980000,51.380001,49.099998,50.790001,63273000
2016-01-21,51.000000,51.580002,50.299999,50.480000,40191200
2016-01-22,51.410000,52.330002,51.259998,52.290001,37555800
2016-01-25,51.939999,52.650002,51.650002,51.790001,34707700
2016-01-26,51.790001,52.439999,51.549999,52.169998,28900800
2016-01-27,52.009998,52.200001,51.020000,51.220001,36775200
2016-01-28,51.860001,52.209999,51.250000,52.060001,62513800
2016-01-29,54.730000,55.090000,54.000000,55.090000,83611700
2016-02-01,54.880001,55.090000,54.500000,54.709999,44208500
2016-02-02,54.169998,54.259998,52.650002,53.000000,56313800
2016-02-03,53.250000,53.389999,51.259998,52.160000,57559800
2016-02-04,52.099998,52.810001,51.369999,52.000000,46987100
2016-02-05,51.939999,52.000000,49.560001,50.160000,62009000
2016-02-08,49.549999,49.570000,48.189999,49.410000,59290500
2016-02-09,49.020000,50.240002,48.669998,49.279999,46740500
2016-02-10,49.889999,50.389999,49.520000,49.709999,38237000
2016-02-11,48.680000,50.110001,48.509998,49.689999,48878600
2016-02-12,50.250000,50.680000,49.750000,50.500000,34243300
2016-02-16,50.900002,51.090000,50.130001,51.090000,37291200
2016-02-17,51.490002,52.770000,51.450001,52.419998,40789000
2016-02-18,52.330002,52.950001,52.099998,52.189999,27176000
2016-02-19,51.970001,52.279999,51.529999,51.820000,33559100
2016-02-22,52.279999,53.000000,52.279999,52.650002,25008300
2016-02-23,52.340000,52.369999,50.980000,51.180000,28895300
2016-02-24,50.689999,51.500000,50.200001,51.360001,33014500
2016-02-25,51.730000,52.099998,50.610001,52.099998,26939500
2016-02-26,52.599998,52.680000,51.099998,51.299999,35975900
2016-02-29,51.349998,51.650002,50.660000,50.880001,31654000
2016-03-01,50.970001,52.590000,50.919998,52.580002,33024500
2016-03-02,52.410000,52.959999,52.160000,52.950001,29289900
2016-03-03,52.970001,52.970001,51.779999,52.349998,24427800
2016-03-04,52.400002,52.450001,51.709999,52.029999,33034200
2016-03-07,51.560001,51.799999,50.580002,51.029999,38407800
2016-03-08,50.799999,52.130001,50.599998,51.650002,33835100
2016-03-09,51.889999,52.849998,51.860001,52.840000,28251600
2016-03-10,52.930000,52.939999,51.160000,52.049999,38387800
2016-03-11,53.000000,53.070000,52.380001,53.070000,32275700
2016-03-14,52.709999,53.590000,52.630001,53.169998,24083600
2016-03-15,52.750000,53.590000,52.740002,53.590000,21104800
2016-03-16,53.450001,54.599998,53.400002,54.349998,31691700
2016-03-17,54.209999,55.000000,54.000000,54.660000,28223900
2016-03-18,54.919998,54.970001,53.450001,53.490002,67625500
2016-03-21,53.250000,53.930000,52.930000,53.860001,23925700
2016-03-22,53.610001,54.250000,53.459999,54.070000,23124100
2016-03-23,54.110001,54.240002,53.740002,53.970001,20129000
2016-03-24,53.840000,54.330002,53.730000,54.209999,19950000
2016-03-28,54.209999,54.290001,53.330002,53.540001,17025100
2016-03-29,53.660000,54.860001,53.450001,54.709999,23924300
2016-03-30,54.930000,55.639999,54.900002,55.049999,23008300
2016-03-31,54.950001,55.590000,54.860001,55.230000,26360500
2016-04-01,55.049999,55.610001,54.570000,55.570000,24399200
2016-04-04,55.430000,55.660000,55.000000,55.430000,18928800
2016-04-05,55.189999,55.299999,54.459999,54.560001,19272300
2016-04-06,54.360001,55.200001,54.209999,55.119999,21188700
2016-04-07,54.869999,54.910000,54.230000,54.459999,19225100
2016-04-08,54.669998,55.279999,54.320000,54.419998,22167200
2016-04-11,54.490002,55.150002,54.299999,54.310001,21414200
2016-04-12,54.369999,54.779999,53.759998,54.650002,24944300
2016-04-13,55.119999,55.439999,54.889999,55.349998,20818000
2016-04-14,55.220001,55.580002,55.070000,55.360001,20877100
2016-04-15,55.299999,55.919998,55.110001,55.650002,28793800
2016-04-18,55.490002,56.590000,55.209999,56.459999,23786000
2016-04-19,56.630001,56.770000,55.680000,56.389999,29596800
2016-04-20,56.290001,56.500000,55.490002,55.590000,36195700
2016-04-21,55.799999,56.230000,55.419998,55.779999,38909100
2016-04-22,51.910000,52.430000,50.770000,51.779999,126834100
2016-04-25,51.779999,52.130001,51.630001,52.110001,33226900
2016-04-26,52.259998,52.349998,51.090000,51.439999,33532600
2016-04-27,51.480000,51.500000,50.549999,50.939999,43369300
2016-04-28,50.619999,50.770000,49.560001,49.900002,43134800
2016-04-29,49.349998,50.250000,49.349998,49.869999,48411700
2016-05-02,50.000000,50.750000,49.779999,50.610001,33114500
2016-05-03,50.340000,50.410000,49.599998,49.779999,26460200
2016-05-04,49.840000,50.060001,49.459999,49.869999,24257600
2016-05-05,49.869999,50.299999,49.730000,49.939999,25390700
2016-05-06,49.919998,50.389999,49.660000,50.389999,24787300
2016-05-09,50.490002,50.590000,50.000000,50.070000,17951600
2016-05-10,50.330002,51.099998,50.189999,51.020000,22891000
2016-05-11,51.130001,51.779999,51.000000,51.049999,24039100
2016-05-12,51.200001,51.810001,50.919998,51.509998,24102800
2016-05-13,51.439999,51.900002,51.040001,51.080002,22592300
2016-05-16,50.799999,51.959999,50.750000,51.830002,20032000
2016-05-17,51.720001,51.730000,50.360001,50.509998,27803500
2016-05-18,50.480000,51.139999,50.299999,50.810001,24907500
2016-05-19,50.470001,50.619999,49.820000,50.320000,23842400
2016-05-20,50.480000,51.220001,50.400002,50.619999,23905800
2016-05-23,50.599998,50.680000,49.980000,50.029999,26118700
2016-05-24,50.700001,51.709999,50.400002,51.590000,34757900
2016-05-25,51.919998,52.490002,51.790001,52.119999,24040200
2016-05-26,51.930000,51.980000,51.360001,51.889999,24335200
2016-05-27,51.919998,52.320000,51.770000,52.320000,17721400
2016-05-31,52.259998,53.000000,52.080002,53.000000,37653100
2016-06-01,52.439999,52.950001,52.439999,52.849998,25324800
2016-06-02,52.639999,52.740002,51.840000,52.480000,22840800
2016-06-03,52.380001,52.419998,51.599998,51.790001,23368300
2016-06-06,51.990002,52.349998,51.889999,52.130001,18243300
2016-06-07,52.240002,52.730000,52.099998,52.099998,20866800
2016-06-08,52.020000,52.439999,51.869999,52.040001,21149400
2016-06-09,52.000000,52.000000,51.490002,51.619999,20305700
2016-06-10,51.049999,52.049999,51.040001,51.480000,25833200
2016-06-13,49.580002,50.720001,49.060001,50.139999,83217800
2016-06-14,49.900002,50.099998,49.570000,49.830002,42577100
2016-06-15,49.779999,50.119999,49.689999,49.689999,33757600
2016-06-16,49.520000,50.470001,49.509998,50.389999,31188600
2016-06-17,50.410000,50.430000,49.820000,50.130001,45710500
2016-06-20,50.639999,50.830002,50.029999,50.070000,35607900
2016-06-21,50.200001,51.430000,50.160000,51.189999,34097800
2016-06-22,51.080002,51.459999,50.950001,50.990002,28816800
2016-06-23,51.279999,52.060001,51.150002,51.910000,29028800
2016-06-24,49.810001,50.939999,49.520000,49.830002,133503000
2016-06-27,49.099998,49.150002,48.040001,48.430000,50216300
2016-06-28,48.919998,49.470001,48.669998,49.439999,38140700
2016-06-29,49.910000,50.720001,49.799999,50.540001,31304000
2016-06-30,50.720001,51.299999,50.500000,51.169998,28527800
2016-07-01,51.130001,51.720001,51.070000,51.160000,21400400
2016-07-05,50.830002,51.279999,50.740002,51.169998,24806400
2016-07-06,50.779999,51.540001,50.389999,51.380001,28167500
2016-07-07,51.419998,51.610001,51.070000,51.380001,19585200
2016-07-08,51.730000,52.360001,51.549999,52.299999,28391000
2016-07-11,52.500000,52.830002,52.470001,52.590000,22269200
2016-07-12,52.939999,53.400002,52.790001,53.209999,27317600
2016-07-13,53.560001,53.860001,53.180000,53.509998,25356800
2016-07-14,53.840000,53.990002,53.580002,53.740002,24545500
2016-07-15,53.950001,54.000000,53.209999,53.700001,32024400
2016-07-18,53.700001,54.340000,53.549999,53.959999,31433900
2016-07-19,53.709999,53.900002,52.930000,53.090000,53336500
2016-07-20,56.150002,56.840000,55.529999,55.910000,89893300
2016-07-21,55.980000,56.230000,55.759998,55.799999,32776700
2016-07-22,56.080002,56.630001,55.779999,56.570000,32157200
2016-07-25,56.470001,56.740002,56.259998,56.730000,25610600
2016-07-26,56.520000,57.290001,56.509998,56.759998,28079000
2016-07-27,56.610001,56.799999,56.110001,56.189999,32327500
2016-07-28,56.000000,56.369999,55.720001,56.209999,37550400
2016-07-29,56.259998,56.759998,56.049999,56.680000,30558700
2016-08-01,56.599998,56.750000,56.139999,56.580002,26003400
2016-08-02,56.849998,56.900002,56.310001,56.580002,35122000
2016-08-03,56.680000,57.110001,56.490002,56.970001,22075600
2016-08-04,56.799999,57.520000,56.669998,57.389999,26587700
2016-08-05,57.650002,58.209999,57.450001,57.959999,29335200
2016-08-08,58.060001,58.090000,57.779999,58.060001,19473500
2016-08-09,58.169998,58.500000,58.020000,58.200001,16920700
2016-08-10,58.160000,58.320000,57.820000,58.020000,15756900
2016-08-11,58.029999,58.450001,58.029999,58.299999,18162300
2016-08-12,58.029999,58.189999,57.619999,57.939999,21655200
2016-08-15,58.009998,58.500000,57.959999,58.119999,19283900
2016-08-16,57.610001,57.619999,57.270000,57.439999,20523500
2016-08-17,57.540001,57.680000,57.230000,57.560001,18856400
2016-08-18,57.419998,57.700001,57.270000,57.599998,14214300
2016-08-19,57.430000,57.730000,57.200001,57.619999,17271000
2016-08-22,57.599998,57.750000,57.259998,57.669998,15221900
2016-08-23,57.900002,58.180000,57.849998,57.889999,18732400
2016-08-24,57.799999,58.040001,57.720001,57.950001,18151500
2016-08-25,57.880001,58.290001,57.779999,58.169998,18552600
2016-08-26,58.279999,58.700001,57.689999,58.029999,20971200
2016-08-29,58.180000,58.599998,58.099998,58.099998,16417200
2016-08-30,57.980000,58.189999,57.610001,57.889999,16930200
2016-08-31,57.650002,57.799999,57.299999,57.459999,20860300
2016-09-01,57.009998,57.820000,57.009998,57.590000,26075400
2016-09-02,57.669998,58.189999,57.419998,57.669998,18900500
2016-09-06,57.779999,57.799999,57.209999,57.610001,16278400
2016-09-07,57.470001,57.840000,57.410000,57.660000,17493400
2016-09-08,57.630001,57.790001,57.180000,57.430000,20146100
2016-09-09,56.790001,57.520000,56.209999,56.209999,35113900
2016-09-12,56.000000,57.209999,55.610001,57.049999,29303000
2016-09-13,56.500000,56.650002,56.049999,56.529999,30130200
2016-09-14,56.389999,56.630001,56.029999,56.259998,24062500
2016-09-15,56.150002,57.349998,55.980000,57.189999,26847000
2016-09-16,57.630001,57.630001,56.750000,57.250000,44607000
2016-09-19,57.270000,57.750000,56.849998,56.930000,20937100
2016-09-20,57.349998,57.349998,56.750000,56.810001,17384000
2016-09-21,57.509998,57.849998,57.080002,57.759998,33707300
2016-09-22,57.919998,58.000000,57.630001,57.820000,19822200
2016-09-23,57.869999,57.910000,57.380001,57.430000,19955300
2016-09-26,57.080002,57.139999,56.830002,56.900002,21688700
2016-09-27,56.930000,58.060001,56.680000,57.950001,28065100
2016-09-28,57.880001,58.060001,57.669998,58.029999,20536400
2016-09-29,57.810001,58.169998,57.209999,57.400002,25463500
2016-09-30,57.570000,57.770000,57.340000,57.599998,29910800
2016-10-03,57.410000,57.549999,57.060001,57.419998,19189500
2016-10-04,57.270000,57.599998,56.970001,57.240002,20085900
2016-10-05,57.290001,57.959999,57.259998,57.639999,16726400
2016-10-06,57.740002,57.860001,57.279999,57.740002,16212600
2016-10-07,57.849998,57.980000,57.419998,57.799999,20089000
2016-10-10,57.910000,58.389999,57.869999,58.040001,18196500
2016-10-11,57.889999,58.020000,56.889999,57.189999,26497400
2016-10-12,57.110001,57.270000,56.400002,57.110001,22177500
2016-10-13,56.700001,57.299999,56.320000,56.919998,25313700
2016-10-14,57.119999,57.740002,57.119999,57.419998,27402500
2016-10-17,57.360001,57.459999,56.869999,57.220001,23830000
2016-10-18,57.529999,57.950001,57.410000,57.660000,19149500
2016-10-19,57.470001,57.840000,57.400002,57.529999,22878400
2016-10-20,57.500000,57.520000,56.660000,57.250000,49455600
2016-10-21,60.279999,60.450001,59.490002,59.660000,80032200
2016-10-24,59.939999,61.000000,59.930000,61.000000,54067000
2016-10-25,60.849998,61.369999,60.799999,60.990002,35137200
2016-10-26,60.810001,61.200001,60.470001,60.630001,29911600
2016-10-27,60.610001,60.830002,60.090000,60.099998,28479900
2016-10-28,60.009998,60.520000,59.580002,59.869999,33574700
2016-10-31,60.160000,60.419998,59.919998,59.919998,26434700
2016-11-01,59.970001,60.020000,59.250000,59.799999,24533000
2016-11-02,59.820000,59.930000,59.299999,59.430000,22147000
2016-11-03,59.529999,59.639999,59.110001,59.209999,21600400
2016-11-04,58.650002,59.279999,58.520000,58.709999,28697000
2016-11-07,59.779999,60.520000,59.779999,60.419998,31664800
2016-11-08,60.549999,60.779999,60.150002,60.470001,22935400
2016-11-09,60.000000,60.590000,59.200001,60.169998,49632500
2016-11-10,60.480000,60.490002,57.630001,58.700001,57822400
2016-11-11,58.230000,59.119999,58.009998,59.020000,38767800
2016-11-14,59.020000,59.080002,57.279999,58.119999,41328400
2016-11-15,58.330002,59.490002,58.320000,58.869999,35904100
2016-11-16,58.939999,59.660000,58.810001,59.650002,27332500
2016-11-17,60.410000,60.950001,59.970001,60.639999,32132700
2016-11-18,60.779999,61.139999,60.299999,60.349998,27686300
2016-11-21,60.500000,60.970001,60.419998,60.860001,19652600
2016-11-22,60.980000,61.259998,60.810001,61.119999,23206700
2016-11-23,61.009998,61.099998,60.250000,60.400002,21848900
2016-11-25,60.299999,60.529999,60.130001,60.529999,8409600
2016-11-28,60.340000,61.020000,60.209999,60.610001,20732600
2016-11-29,60.650002,61.410000,60.520000,61.090000,22366700
2016-11-30,60.860001,61.180000,60.220001,60.259998,34655400
2016-12-01,60.110001,60.150002,58.939999,59.200001,34542100
2016-12-02,59.080002,59.470001,58.799999,59.250000,25515700
2016-12-05,59.700001,60.590000,59.560001,60.220001,23552700
2016-12-06,60.430000,60.459999,59.799999,59.950001,19907000
2016-12-07,60.009998,61.380001,59.799999,61.369999,30809000
2016-12-08,61.299999,61.580002,60.840000,61.009998,21220800
2016-12-09,61.180000,61.990002,61.130001,61.970001,27349400
2016-12-12,61.820000,62.299999,61.720001,62.169998,20198100
2016-12-13,62.500000,63.419998,62.240002,62.980000,35718900
2016-12-14,63.000000,63.450001,62.529999,62.680000,30352700
2016-12-15,62.700001,63.150002,62.299999,62.580002,27669900
2016-12-16,62.950001,62.950001,62.119999,62.299999,42453100
2016-12-19,62.560001,63.770000,62.419998,63.619999,34338200
2016-12-20,63.689999,63.799999,63.029999,63.540001,26028400
2016-12-21,63.430000,63.700001,63.119999,63.540001,17096300
2016-12-22,63.840000,64.099998,63.410000,63.549999,22176600
2016-12-23,63.450001,63.540001,62.799999,63.240002,12403800
2016-12-27,63.209999,64.070000,63.209999,63.279999,11763200
2016-12-28,63.400002,63.400002,62.830002,62.990002,14653300
2016-12-29,62.860001,63.200001,62.730000,62.900002,10250600
2016-12-30,62.959999,62.990002,62.029999,62.139999,25579900
2017-01-03,62.790001,62.840000,62.130001,62.580002,20694100
2017-01-04,62.480000,62.750000,62.119999,62.299999,21340000
2017-01-05,62.189999,62.660000,62.029999,62.299999,24876000
2017-01-06,62.299999,63.150002,62.040001,62.840000,19922900
2017-01-09,62.759998,63.080002,62.540001,62.639999,20382700
2017-01-10,62.730000,63.070000,62.279999,62.619999,18593000
2017-01-11,62.610001,63.230000,62.430000,63.189999,21517300
2017-01-12,63.060001,63.400002,61.950001,62.610001,20968200
2017-01-13,62.619999,62.869999,62.349998,62.700001,19422300
2017-01-17,62.680000,62.700001,62.029999,62.529999,20664000
2017-01-18,62.669998,62.700001,62.119999,62.500000,19670100
2017-01-19,62.240002,62.980000,62.200001,62.299999,18451700
2017-01-20,62.669998,62.820000,62.369999,62.740002,30213500
2017-01-23,62.700001,63.119999,62.570000,62.959999,23097600
2017-01-24,63.200001,63.740002,62.939999,63.520000,24672900
2017-01-25,63.950001,64.099998,63.450001,63.680000,23672700
2017-01-26,64.120003,64.540001,63.549999,64.269997,43554600
2017-01-27,65.389999,65.910004,64.889999,65.779999,44818000
2017-01-30,65.690002,65.790001,64.800003,65.129997,31651400
2017-01-31,64.860001,65.150002,64.260002,64.650002,25270500
2017-02-01,64.360001,64.620003,63.470001,63.580002,39671500
2017-02-02,63.250000,63.410000,62.750000,63.169998,45827000
2017-02-03,63.500000,63.700001,63.070000,63.680000,30301800
2017-02-06,63.500000,63.650002,63.139999,63.639999,19796400
2017-02-07,63.740002,63.779999,63.230000,63.430000,20277200
2017-02-08,63.570000,63.810001,63.220001,63.340000,18096400
2017-02-09,63.520000,64.440002,63.320000,64.059998,22644400
2017-02-10,64.250000,64.300003,63.980000,64.000000,18170700
2017-02-13,64.239998,64.860001,64.129997,64.720001,22920100
2017-02-14,64.410004,64.720001,64.019997,64.570000,23108400
2017-02-15,64.500000,64.570000,64.160004,64.529999,17005200
2017-02-16,64.739998,65.239998,64.440002,64.519997,20546300
2017-02-17,64.470001,64.690002,64.300003,64.620003,21248800
2017-02-21,64.610001,64.949997,64.449997,64.489998,20655900
2017-02-22,64.330002,64.389999,64.050003,64.360001,19292700
2017-02-23,64.419998,64.730003,64.190002,64.620003,20273100
2017-02-24,64.529999,64.800003,64.139999,64.620003,21796800
2017-02-27,64.540001,64.540001,64.050003,64.230003,15871500
2017-02-28,64.080002,64.199997,63.759998,63.980000,23239800
2017-03-01,64.129997,64.989998,64.019997,64.940002,26937500
2017-03-02,64.690002,64.750000,63.880001,64.010002,24539600
2017-03-03,63.990002,64.279999,63.619999,64.250000,18135900
2017-03-06,63.970001,64.559998,63.810001,64.269997,18750300
2017-03-07,64.190002,64.779999,64.190002,64.400002,18521000
2017-03-08,64.260002,65.080002,64.250000,64.989998,21510900
2017-03-09,65.190002,65.199997,64.480003,64.730003,19846800
2017-03-10,65.110001,65.260002,64.750000,64.930000,19538200
2017-03-13,65.010002,65.190002,64.570000,64.709999,20100000
2017-03-14,64.529999,64.550003,64.150002,64.410004,14280200
2017-03-15,64.550003,64.919998,64.250000,64.750000,24833800
2017-03-16,64.750000,64.760002,64.300003,64.639999,20674300
2017-03-17,64.910004,65.239998,64.680000,64.870003,49219700
2017-03-20,64.910004,65.180000,64.720001,64.930000,14598100
2017-03-21,65.190002,65.500000,64.129997,64.209999,26640500
2017-03-22,64.120003,65.139999,64.120003,65.029999,20680000
2017-03-23,64.940002,65.239998,64.769997,64.870003,19269200
2017-03-24,65.360001,65.449997,64.760002,64.980003,22617100
2017-03-27,64.629997,65.220001,64.349998,65.099998,18614700
2017-03-28,64.959999,65.470001,64.650002,65.290001,20080400
2017-03-29,65.120003,65.500000,64.949997,65.470001,13618400
2017-03-30,65.419998,65.980003,65.360001,65.709999,15122800
2017-03-31,65.650002,66.190002,65.449997,65.860001,21040300
2017-04-03,65.809998,65.940002,65.190002,65.550003,20400900
2017-04-04,65.389999,65.809998,65.279999,65.730003,12997400
2017-04-05,66.300003,66.349998,65.440002,65.559998,21448600
2017-04-06,65.599998,66.059998,65.480003,65.730003,18103500
2017-04-07,65.849998,65.959999,65.440002,65.680000,14108500
2017-04-10,65.610001,65.820000,65.360001,65.529999,17952700
2017-04-11,65.599998,65.610001,64.849998,65.480003,18791500
2017-04-12,65.419998,65.510002,65.110001,65.230003,17108500
2017-04-13,65.290001,65.860001,64.949997,64.949997,17896500
2017-04-17,65.040001,65.489998,65.010002,65.480003,16689300
2017-04-18,65.330002,65.709999,65.160004,65.389999,15155600
2017-04-19,65.650002,65.750000,64.889999,65.040001,26992800
2017-04-20,65.459999,65.750000,65.139999,65.500000,22299500
2017-04-21,65.669998,66.699997,65.449997,66.400002,32522600
2017-04-24,67.480003,67.660004,67.099998,67.529999,29770000
2017-04-25,67.900002,68.040001,67.599998,67.919998,30242700
2017-04-26,68.080002,68.309998,67.620003,67.830002,26190800
2017-04-27,68.150002,68.379997,67.580002,68.269997,34971000
2017-04-28,68.910004,69.139999,67.690002,68.459999,39548800
2017-05-01,68.680000,69.550003,68.500000,69.410004,31954400
2017-05-02,69.709999,69.709999,69.129997,69.300003,23906100
2017-05-03,69.379997,69.379997,68.709999,69.080002,28928000
2017-05-04,69.029999,69.080002,68.639999,68.809998,21749400
2017-05-05,68.900002,69.029999,68.489998,69.000000,19128800
2017-05-08,68.970001,69.050003,68.419998,68.940002,18566100
2017-05-09,68.860001,69.279999,68.680000,69.040001,22858400
2017-05-10,68.989998,69.559998,68.919998,69.309998,17977800
2017-05-11,68.360001,68.730003,68.120003,68.459999,28789400
2017-05-12,68.610001,68.610001,68.040001,68.379997,18714100
2017-05-15,68.139999,68.480003,67.570000,68.430000,31530300
2017-05-16,68.230003,69.440002,68.160004,69.410004,34956000
2017-05-17,68.889999,69.099998,67.430000,67.480003,30548800
2017-05-18,67.400002,68.129997,67.139999,67.709999,25201300
2017-05-19,67.500000,68.099998,67.430000,67.690002,26961100
2017-05-22,67.889999,68.500000,67.500000,68.449997,16237600
2017-05-23,68.720001,68.750000,68.379997,68.680000,15425800
2017-05-24,68.870003,68.879997,68.449997,68.769997,14593900
2017-05-25,68.970001,69.879997,68.910004,69.620003,21854100
2017-05-26,69.800003,70.220001,69.519997,69.959999,19827900
2017-05-30,69.790001,70.410004,69.769997,70.410004,17072800
2017-05-31,70.529999,70.739998,69.809998,69.839996,30436400
2017-06-01,70.239998,70.610001,69.449997,70.099998,21603600
2017-06-02,70.440002,71.860001,70.239998,71.760002,34770300
2017-06-05,71.970001,72.889999,71.809998,72.279999,33316800
2017-06-06,72.300003,72.620003,72.269997,72.519997,31511100
2017-06-07,72.639999,72.769997,71.949997,72.389999,22301800
2017-06-08,72.510002,72.519997,71.500000,71.949997,24588300
2017-06-09,72.040001,72.080002,68.589996,70.320000,49187400
2017-06-12,69.250000,69.940002,68.129997,69.779999,47761700
2017-06-13,70.019997,70.820000,69.959999,70.650002,25258600
2017-06-14,70.910004,71.099998,69.430000,70.269997,25510700
2017-06-15,69.269997,70.209999,68.800003,69.900002,26068700
2017-06-16,69.730003,70.029999,69.220001,70.000000,48345100
2017-06-19,70.500000,70.940002,70.349998,70.870003,23798300
2017-06-20,70.820000,70.870003,69.870003,69.910004,21512200
2017-06-21,70.209999,70.620003,69.940002,70.269997,19891100
2017-06-22,70.540001,70.589996,69.709999,70.260002,22965700
2017-06-23,70.089996,71.250000,69.919998,71.209999,27617300
2017-06-26,71.400002,71.709999,70.440002,70.529999,19607000
2017-06-27,70.110001,70.180000,69.180000,69.209999,25215100
2017-06-28,69.209999,69.839996,68.790001,69.800003,25806200
2017-06-29,69.379997,69.489998,68.089996,68.489998,28918700
2017-06-30,68.779999,69.379997,68.739998,68.930000,24161100
2017-07-03,69.330002,69.599998,68.019997,68.169998,16165500
2017-07-05,68.260002,69.440002,68.220001,69.080002,21176300
2017-07-06,68.269997,68.779999,68.120003,68.570000,21117600
2017-07-07,68.699997,69.839996,68.699997,69.459999,16878300
2017-07-10,69.459999,70.250000,69.199997,69.980003,15014500
2017-07-11,70.000000,70.680000,69.750000,69.989998,17460000
2017-07-12,70.690002,71.279999,70.550003,71.150002,17750900
2017-07-13,71.500000,72.040001,71.309998,71.769997,20269800
2017-07-14,72.239998,73.269997,71.959999,72.779999,25868100
2017-07-17,72.800003,73.449997,72.720001,73.349998,21803900
2017-07-18,73.089996,73.389999,72.660004,73.300003,26435300
2017-07-19,73.500000,74.040001,73.449997,73.860001,22416200
2017-07-20,74.180000,74.300003,73.279999,74.220001,42361000
2017-07-21,73.449997,74.290001,73.169998,73.790001,46717100
2017-07-24,73.529999,73.750000,73.129997,73.599998,21394800
2017-07-25,73.800003,74.309998,73.500000,74.190002,22018700
2017-07-26,74.339996,74.379997,73.809998,74.050003,16252200
2017-07-27,73.760002,74.419998,72.320000,73.160004,36844200
2017-07-28,72.669998,73.309998,72.540001,73.040001,18306700
2017-07-31,73.300003,73.440002,72.410004,72.699997,23600100
2017-08-01,73.099998,73.419998,72.489998,72.580002,22132300
2017-08-02,72.550003,72.559998,71.440002,72.260002,26499200
2017-08-03,72.190002,72.440002,71.849998,72.150002,18214400
2017-08-04,72.400002,73.040001,72.239998,72.680000,22579000
2017-08-07,72.800003,72.900002,72.260002,72.400002,18705700
2017-08-08,72.089996,73.129997,71.750000,72.790001,22044600
2017-08-09,72.250000,72.510002,72.050003,72.470001,22213400
2017-08-10,71.900002,72.190002,71.349998,71.410004,24734500
2017-08-11,71.610001,72.699997,71.279999,72.500000,21443700
2017-08-14,73.059998,73.720001,72.949997,73.589996,20096600
2017-08-15,73.589996,73.589996,73.040001,73.220001,19181400
2017-08-16,73.339996,74.099998,73.169998,73.650002,18150400
2017-08-17,73.580002,73.870003,72.400002,72.400002,22977500
2017-08-18,72.269997,72.839996,71.930000,72.489998,18761500
2017-08-21,72.470001,72.480003,71.699997,72.150002,17734800
2017-08-22,72.349998,73.239998,72.349998,73.160004,14343700
2017-08-23,72.959999,73.150002,72.529999,72.720001,13766500
2017-08-24,72.739998,72.860001,72.070000,72.690002,17098300
2017-08-25,72.860001,73.349998,72.480003,72.820000,12794300
2017-08-28,73.059998,73.089996,72.550003,72.830002,14569700
2017-08-29,72.250000,73.160004,72.050003,73.050003,11478400
2017-08-30,73.010002,74.209999,72.830002,74.010002,16897800
2017-08-31,74.029999,74.959999,73.800003,74.769997,27652800
2017-09-01,74.709999,74.739998,73.639999,73.940002,21736200
2017-09-05,73.339996,73.889999,72.980003,73.610001,21556000
2017-09-06,73.739998,74.040001,73.349998,73.400002,16535800
2017-09-07,73.680000,74.599998,73.599998,74.339996,17471200
2017-09-08,74.330002,74.440002,73.839996,73.980003,14703800
2017-09-11,74.309998,74.940002,74.309998,74.760002,17910400
2017-09-12,74.760002,75.239998,74.370003,74.680000,14394900
2017-09-13,74.930000,75.230003,74.550003,75.209999,13380800
2017-09-14,75.000000,75.489998,74.519997,74.769997,15733900
2017-09-15,74.830002,75.389999,74.070000,75.309998,38578400
2017-09-18,75.230003,75.970001,75.040001,75.160004,23307000
2017-09-19,75.209999,75.709999,75.010002,75.440002,16093300
2017-09-20,75.349998,75.550003,74.309998,74.940002,21587900
2017-09-21,75.110001,75.239998,74.110001,74.209999,19186100
2017-09-22,73.989998,74.510002,73.849998,74.410004,14111400
2017-09-25,74.089996,74.250000,72.919998,73.260002,24149200
2017-09-26,73.669998,73.809998,72.989998,73.260002,18019600
2017-09-27,73.550003,74.169998,73.169998,73.849998,19565100
2017-09-28,73.540001,73.970001,73.309998,73.870003,10883800
2017-09-29,73.940002,74.540001,73.879997,74.489998,17079100
2017-10-02,74.709999,75.010002,74.300003,74.610001,15304800
2017-10-03,74.669998,74.879997,74.190002,74.260002,12190400
2017-10-04,74.089996,74.720001,73.709999,74.690002,13317700
2017-10-05,75.220001,76.120003,74.959999,75.970001,21195300
2017-10-06,75.669998,76.029999,75.540001,76.000000,13959800
2017-10-09,75.970001,76.550003,75.860001,76.290001,11386500
2017-10-10,76.330002,76.629997,76.139999,76.290001,13944500
2017-10-11,76.360001,76.459999,75.949997,76.419998,15388900
2017-10-12,76.489998,77.290001,76.370003,77.120003,16876500
2017-10-13,77.589996,77.870003,77.290001,77.489998,15335700
2017-10-16,77.419998,77.809998,77.349998,77.650002,12380100
2017-10-17,77.470001,77.620003,77.250000,77.589996,16824000
2017-10-18,77.669998,77.849998,77.370003,77.610001,13300700
2017-10-19,77.570000,77.930000,77.349998,77.910004,15092800
2017-10-20,78.320000,78.970001,78.220001,78.809998,22866400
2017-10-23,78.989998,79.339996,78.760002,78.830002,20627200
2017-10-24,78.900002,79.199997,78.459999,78.860001,17517200
2017-10-25,78.580002,79.099998,78.010002,78.629997,20410800
2017-10-26,79.199997,79.419998,78.750000,78.760002,32120700
2017-10-27,84.370003,86.199997,83.610001,83.809998,71066700
2017-10-30,83.699997,84.330002,83.110001,83.889999,31756700
2017-10-31,84.360001,84.360001,83.110001,83.180000,27086600
2017-11-01,83.680000,83.760002,82.879997,83.180000,22307400
2017-11-02,83.349998,84.459999,83.120003,84.050003,23992900
2017-11-03,84.080002,84.540001,83.400002,84.139999,17633500
2017-11-06,84.199997,84.699997,84.080002,84.470001,19860900
2017-11-07,84.769997,84.900002,83.930000,84.269997,17939700
2017-11-08,84.139999,84.610001,83.830002,84.559998,18034200
2017-11-09,84.110001,84.269997,82.900002,84.089996,21178400
2017-11-10,83.790001,84.099998,83.230003,83.870003,19397800
2017-11-13,83.660004,83.940002,83.459999,83.930000,14196900
2017-11-14,83.500000,84.099998,82.980003,84.050003,18801300
2017-11-15,83.470001,83.690002,82.690002,82.980003,19383100
2017-11-16,83.099998,83.419998,82.940002,83.199997,20962800
2017-11-17,83.120003,83.120003,82.239998,82.400002,22079000
2017-11-20,82.400002,82.589996,82.250000,82.529999,16315000
2017-11-21,82.739998,83.839996,82.739998,83.720001,21237500
2017-11-22,83.830002,83.900002,83.040001,83.110001,20553100
2017-11-24,83.010002,83.430000,82.779999,83.260002,7425600
2017-11-27,83.309998,83.980003,83.300003,83.870003,18265200
2017-11-28,84.070000,85.059998,84.019997,84.879997,21926000
2017-11-29,84.709999,84.919998,83.180000,83.339996,27381100
2017-11-30,83.510002,84.519997,83.339996,84.169998,33054600
2017-12-01,83.599998,84.809998,83.220001,84.260002,29532100
2017-12-04,84.419998,84.430000,80.699997,81.080002,39094900
2017-12-05,81.339996,82.680000,80.980003,81.589996,26152300
2017-12-06,81.550003,83.139999,81.430000,82.779999,26162100
2017-12-07,82.540001,82.800003,82.000000,82.489998,23184500
2017-12-08,83.629997,84.580002,83.330002,84.160004,24489100
2017-12-11,84.290001,85.370003,84.120003,85.230003,22857900
2017-12-12,85.309998,86.050003,85.080002,85.580002,23924100
2017-12-13,85.739998,86.000000,85.169998,85.349998,22062700
2017-12-14,85.430000,85.870003,84.529999,84.690002,19306000
2017-12-15,85.260002,87.089996,84.879997,86.849998,53936700
2017-12-18,87.120003,87.500000,86.230003,86.379997,22283800
2017-12-19,86.349998,86.349998,85.269997,85.830002,23524800
2017-12-20,86.199997,86.300003,84.709999,85.519997,23674900
2017-12-21,86.050003,86.099998,85.400002,85.500000,17990700
2017-12-22,85.400002,85.629997,84.919998,85.510002,14145800
2017-12-26,85.309998,85.529999,85.029999,85.400002,9891200
2017-12-27,85.650002,85.980003,85.220001,85.709999,14678000
2017-12-28,85.900002,85.930000,85.550003,85.720001,10594300
2017-12-29,85.629997,86.050003,85.500000,85.540001,18717400
2018-01-02,86.129997,86.309998,85.500000,85.949997,22483800
2018-01-03,86.059998,86.510002,85.970001,86.349998,26061400
2018-01-04,86.589996,87.660004,86.570000,87.110001,21912000
2018-01-05,87.660004,88.410004,87.430000,88.190002,23407100
2018-01-08,88.199997,88.580002,87.599998,88.279999,22113000
2018-01-09,88.650002,88.730003,87.860001,88.220001,19484300
2018-01-10,87.860001,88.190002,87.410004,87.820000,18652200
2018-01-11,88.129997,88.129997,87.239998,88.080002,17808900
2018-01-12,88.669998,89.779999,88.449997,89.599998,24271500
2018-01-16,90.099998,90.790001,88.010002,88.349998,36599700
2018-01-17,89.080002,90.279999,88.750000,90.139999,25621200
2018-01-18,89.800003,90.669998,89.660004,90.099998,24159700
2018-01-19,90.139999,90.610001,89.660004,90.000000,36875000
2018-01-22,90.000000,91.620003,89.739998,91.610001,23601600
2018-01-23,91.900002,92.300003,91.540001,91.900002,23412800
2018-01-24,92.550003,93.430000,91.580002,91.820000,33277500
2018-01-25,92.470001,93.239998,91.930000,92.330002,26383200
2018-01-26,93.120003,94.059998,92.580002,94.059998,29172200
2018-01-29,95.139999,95.449997,93.720001,93.919998,31569900
2018-01-30,93.300003,93.660004,92.099998,92.739998,38635100
2018-01-31,93.750000,95.400002,93.510002,95.010002,48756300
2018-02-01,94.790001,96.070000,93.580002,94.260002,47227900
2018-02-02,93.639999,93.970001,91.500000,91.779999,47867800
2018-02-05,90.559998,93.239998,88.000000,88.000000,51031500
2018-02-06,86.889999,91.480003,85.250000,91.330002,67998600
2018-02-07,90.489998,91.769997,89.199997,89.610001,41107600
2018-02-08,89.709999,89.879997,84.760002,85.010002,55628700
2018-02-09,86.300003,88.930000,83.830002,88.180000,63499100
2018-02-12,88.739998,89.779999,87.930000,89.129997,35720300
2018-02-13,88.930000,90.000000,87.800003,89.830002,26407700
2018-02-14,88.510002,90.989998,88.410004,90.809998,34960900
2018-02-15,91.209999,92.720001,90.620003,92.660004,27823900
2018-02-16,92.449997,93.500000,91.800003,92.000000,30596900
2018-02-20,91.480003,93.059998,91.010002,92.720001,30911700
2018-02-21,92.980003,93.360001,91.489998,91.489998,26922500
2018-02-22,92.050003,92.730003,91.360001,91.730003,24392800
2018-02-23,93.599998,94.070000,92.360001,94.059998,26329200
2018-02-26,94.400002,95.449997,94.250000,95.419998,30199800
2018-02-27,95.739998,95.839996,94.199997,94.199997,25869100
2018-02-28,94.839996,95.709999,93.629997,93.769997,31167300
2018-03-01,93.989998,94.570000,91.839996,92.849998,37135600
2018-03-02,91.580002,93.150002,90.860001,93.050003,32830400
2018-03-05,92.339996,94.269997,92.260002,93.639999,23901600
2018-03-06,94.339996,94.489998,92.940002,93.320000,22175800
2018-03-07,93.160004,93.940002,92.430000,93.860001,26716100
2018-03-08,94.269997,95.099998,93.769997,94.430000,25887800
2018-03-09,95.290001,96.540001,95.000000,96.540001,36937300
2018-03-12,96.500000,97.209999,96.040001,96.769997,26073700
2018-03-13,97.000000,97.239998,93.970001,94.410004,35387800
2018-03-14,95.120003,95.410004,93.500000,93.849998,32132000
2018-03-15,93.529999,94.580002,92.830002,94.180000,27611000
2018-03-16,94.680000,95.379997,93.919998,94.599998,49081300
2018-03-19,93.739998,93.900002,92.110001,92.889999,33344100
2018-03-20,93.050003,93.769997,93.000000,93.129997,23075200
2018-03-21,92.930000,94.050003,92.209999,92.480003,24457100
2018-03-22,91.269997,91.750000,89.660004,89.790001,38604700
2018-03-23,89.500000,90.459999,87.080002,87.180000,44068900
2018-03-26,90.610001,94.000000,90.400002,93.779999,56396800
2018-03-27,94.940002,95.139999,88.510002,89.470001,56569000
2018-03-28,89.820000,91.230003,88.870003,89.389999,52501100
2018-03-29,90.180000,92.290001,88.400002,91.269997,45867500
2018-04-02,90.470001,90.879997,87.510002,88.519997,48515400
2018-04-03,89.580002,90.050003,87.889999,89.709999,37213800
2018-04-04,87.849998,92.760002,87.730003,92.330002,35560000
2018-04-05,92.440002,93.070000,91.400002,92.379997,29771900
2018-04-06,91.489998,92.459999,89.480003,90.230003,38026000
2018-04-09,91.040001,93.169998,90.620003,90.769997,31533900
2018-04-10,92.389999,93.279999,91.639999,92.879997,26812000
2018-04-11,92.010002,93.290001,91.480003,91.860001,24872100
2018-04-12,92.430000,94.160004,92.430000,93.580002,26758900
2018-04-13,94.050003,94.180000,92.440002,93.080002,23346100
2018-04-16,94.070000,94.660004,93.419998,94.169998,20288100
2018-04-17,95.000000,96.540001,94.879997,96.070000,26771000
2018-04-18,96.220001,96.720001,95.519997,96.440002,21043300
2018-04-19,96.440002,97.070000,95.339996,96.110001,23552500
2018-04-20,95.910004,96.110001,94.050003,95.000000,31154400
2018-04-23,95.739998,96.290001,94.629997,95.349998,22331800
2018-04-24,96.239998,96.470001,92.410004,93.120003,34524800
2018-04-25,93.300003,93.300003,90.279999,92.309998,33729300
2018-04-26,93.550003,95.150002,93.099998,94.260002,42529000
2018-04-27,97.599998,97.900002,93.910004,95.820000,48272800
2018-04-30,96.330002,96.400002,93.150002,93.519997,41523600
2018-05-01,93.209999,95.290001,92.790001,95.000000,31408900
2018-05-02,94.989998,95.169998,93.190002,93.510002,27471000
2018-05-03,92.959999,94.930000,92.449997,94.070000,31142500
2018-05-04,93.320000,95.370003,92.919998,95.160004,22531300
2018-05-07,95.169998,96.709999,95.099998,96.220001,24242000
2018-05-08,95.849998,96.160004,95.059998,95.809998,23484600
2018-05-09,96.010002,96.970001,95.050003,96.940002,27327400
2018-05-10,97.459999,97.949997,97.050003,97.910004,22388100
2018-05-11,97.800003,97.870003,97.040001,97.699997,16778300
2018-05-14,97.919998,98.690002,97.309998,98.029999,19454100
2018-05-15,97.239998,97.849998,96.339996,97.320000,24594000
2018-05-16,97.360001,97.400002,96.620003,97.150002,17384700
2018-05-17,96.760002,97.540001,95.830002,96.180000,17246700
2018-05-18,96.010002,96.930000,96.010002,96.360001,17865800
2018-05-21,97.000000,98.010002,96.800003,97.599998,19422500
2018-05-22,97.680000,98.169998,97.199997,97.500000,15441200
2018-05-23,96.709999,98.730003,96.320000,98.660004,21251200
2018-05-24,98.730003,98.940002,96.809998,98.309998,26649300
2018-05-25,98.300003,98.980003,97.860001,98.360001,18363900
2018-05-29,97.839996,98.879997,97.230003,98.010002,28671000
2018-05-30,98.309998,99.250000,97.910004,98.949997,22158500
2018-05-31,99.290001,99.989998,98.610001,98.839996,34140900
2018-06-01,99.279999,100.860001,99.169998,100.790001,28655600
2018-06-04,101.260002,101.860001,100.849998,101.669998,27281600
2018-06-05,102.000000,102.330002,101.529999,102.190002,23514400
2018-06-06,102.480003,102.599998,101.900002,102.489998,21122900
2018-06-07,102.650002,102.690002,100.379997,100.879997,28232200
2018-06-08,101.089996,101.949997,100.540001,101.629997,22165100
2018-06-11,101.010002,101.589996,100.669998,101.050003,23490900
2018-06-12,101.099998,101.449997,100.750000,101.309998,18325200
2018-06-13,101.720001,102.010002,100.559998,100.849998,29492900
2018-06-14,101.650002,102.029999,101.000000,101.419998,25691800
2018-06-15,101.510002,101.529999,100.070000,100.129997,65738600
2018-06-18,100.010002,101.110001,99.419998,100.860001,23586000
2018-06-19,99.650002,101.000000,99.500000,100.860001,28653100
2018-06-20,101.370003,102.519997,101.120003,101.870003,26180800
2018-06-21,102.080002,102.459999,100.879997,101.139999,23198200
2018-06-22,100.410004,100.769997,99.629997,100.410004,38923100
2018-06-25,100.000000,100.110001,97.300003,98.389999,35433300
2018-06-26,98.820000,100.080002,98.750000,99.080002,26897200
2018-06-27,99.580002,100.019997,97.400002,97.540001,31298400
2018-06-28,97.379997,99.110001,97.260002,98.629997,26650700
2018-06-29,98.930000,99.910004,98.330002,98.610001,28053200
2018-07-02,98.099998,100.059998,98.000000,100.010002,19564500
2018-07-03,100.480003,100.629997,98.940002,99.050003,14670300
2018-07-05,99.500000,99.919998,99.029999,99.760002,18977400
2018-07-06,99.889999,101.430000,99.669998,101.160004,19234600
2018-07-09,101.650002,102.250000,101.250000,101.849998,18212000
2018-07-10,102.000000,102.510002,101.860001,102.120003,19293100
2018-07-11,101.150002,102.339996,101.099998,101.980003,19644600
2018-07-12,102.769997,104.410004,102.730003,104.190002,24335900
2018-07-13,104.370003,105.599998,104.089996,105.430000,24635200
2018-07-16,105.400002,105.820000,104.519997,104.910004,21786900
2018-07-17,104.610001,106.500000,104.320000,105.949997,25901700
2018-07-18,105.940002,106.050003,104.720001,105.120003,29493900
2018-07-19,104.930000,105.309998,103.889999,104.400002,40171600
2018-07-20,108.080002,108.199997,106.080002,106.269997,56004000
2018-07-23,106.300003,108.139999,106.129997,107.970001,29707000
2018-07-24,108.570000,108.820000,107.260002,107.660004,26316600
2018-07-25,107.959999,111.150002,107.599998,110.830002,30702100
2018-07-26,110.739998,111.000000,109.500000,109.620003,31372100
2018-07-27,110.180000,110.180000,106.139999,107.680000,37005300
2018-07-30,107.190002,107.529999,104.760002,105.370003,34668300
2018-07-31,106.489998,106.720001,105.379997,106.080002,27655200
2018-08-01,106.029999,106.449997,105.419998,106.279999,23628700
2018-08-02,105.400002,108.089996,104.839996,107.570000,26104300
2018-08-03,107.800003,108.050003,106.820000,108.040001,18659600
2018-08-06,108.120003,108.419998,107.559998,108.129997,20265900
2018-08-07,108.559998,109.099998,108.169998,108.879997,16080200
2018-08-08,109.330002,109.750000,108.760002,109.489998,15487500
2018-08-09,109.709999,110.160004,109.599998,109.669998,13677200
2018-08-10,109.419998,109.690002,108.379997,109.000000,18183700
2018-08-13,109.239998,109.580002,108.099998,108.209999,18472500
2018-08-14,108.559998,109.750000,108.040001,109.559998,16788300
2018-08-15,108.489998,108.989998,106.820000,107.660004,29982800
2018-08-16,108.300003,108.860001,107.300003,107.639999,21384300
2018-08-17,107.360001,107.900002,106.690002,107.580002,18061500
2018-08-20,107.510002,107.900002,106.480003,106.870003,17914200
2018-08-21,106.919998,107.349998,105.849998,105.980003,22881900
2018-08-22,105.849998,107.339996,105.779999,107.059998,18000600
2018-08-23,107.150002,108.180000,106.870003,107.559998,18167700
2018-08-24,107.669998,108.559998,107.559998,108.400002,17234000
2018-08-27,109.269997,109.639999,108.510002,109.599998,19662300
2018-08-28,109.940002,110.500000,109.790001,110.260002,19151500
2018-08-29,110.449997,112.029999,110.269997,112.019997,20818000
2018-08-30,111.669998,112.610001,111.440002,111.949997,22798700
2018-08-31,111.690002,112.779999,111.519997,112.330002,23222700
2018-09-04,110.849998,111.959999,110.220001,111.709999,22634600
2018-09-05,111.010002,111.419998,108.099998,108.489998,32872400
2018-09-06,108.250000,108.989998,107.510002,108.739998,23477600
2018-09-07,108.230003,108.720001,107.230003,108.209999,22498600
2018-09-10,108.839996,109.639999,108.360001,109.379997,20727900
2018-09-11,108.900002,111.589996,108.889999,111.239998,24301800
2018-09-12,111.430000,111.849998,110.510002,111.709999,18891100
2018-09-13,112.120003,113.730003,112.120003,112.910004,26055600
2018-09-14,113.360001,113.730003,112.440002,113.370003,19122300
2018-09-17,113.690002,113.699997,111.860001,112.139999,20736500
2018-09-18,112.190002,113.699997,111.720001,113.209999,22170900
2018-09-19,113.050003,113.320000,111.040001,111.699997,21728400
2018-09-20,112.279999,113.800003,111.930000,113.570000,23714500
2018-09-21,114.000000,115.290001,113.510002,114.260002,71229700
2018-09-24,113.029999,114.900002,112.220001,114.669998,27334500
2018-09-25,114.800003,115.099998,113.750000,114.449997,22668000
2018-09-26,114.470001,115.059998,113.739998,113.980003,19352000
2018-09-27,114.779999,114.910004,114.199997,114.410004,19091300
2018-09-28,114.190002,114.570000,113.680000,114.370003,21647800
2018-10-01,114.750000,115.680000,114.730003,115.610001,18883100
2018-10-02,115.300003,115.839996,114.440002,115.150002,20787200
2018-10-03,115.419998,116.180000,114.930000,115.169998,16648000
2018-10-04,114.610001,114.760002,111.629997,112.790001,34821700
2018-10-05,112.629997,113.169998,110.639999,112.129997,29068900
2018-10-08,111.660004,112.029999,109.339996,110.849998,29640600
2018-10-09,111.139999,113.080002,110.800003,112.260002,26198600
2018-10-10,111.239998,111.500000,105.790001,106.160004,61376300
2018-10-11,105.349998,108.930000,104.199997,105.910004,63904300
2018-10-12,109.010002,111.239998,107.120003,109.570000,47742100
2018-10-15,108.910004,109.480003,106.949997,107.599998,32068100
2018-10-16,109.540001,111.410004,108.949997,111.000000,31610200
2018-10-17,111.680000,111.809998,109.550003,110.709999,26548200
2018-10-18,110.099998,110.529999,107.830002,108.500000,32506200
2018-10-19,108.930000,110.860001,108.209999,108.660004,32785500
2018-10-22,109.320000,110.540001,108.239998,109.629997,26545600
2018-10-23,107.769997,108.970001,105.110001,108.099998,43770400
2018-10-24,108.410004,108.489998,101.589996,102.320000,63897800
2018-10-25,106.550003,109.269997,106.150002,108.300003,61646800
2018-10-26,105.690002,108.750000,104.760002,106.959999,55523100
2018-10-29,108.110001,108.699997,101.629997,103.849998,55162000
2018-10-30,103.660004,104.379997,100.110001,103.730003,65350900
2018-10-31,105.440002,108.139999,105.389999,106.809998,51062400
2018-11-01,107.050003,107.320000,105.529999,105.919998,33384200
2018-11-02,106.480003,107.320000,104.980003,106.160004,37680200
2018-11-05,106.370003,107.739998,105.900002,107.510002,27922100
2018-11-06,107.379997,108.839996,106.279999,107.720001,24340200
2018-11-07,109.440002,112.239998,109.400002,111.959999,37901700
2018-11-08,111.800003,112.209999,110.910004,111.750000,25644100
2018-11-09,110.849998,111.449997,108.760002,109.570000,32039200
2018-11-12,109.419998,109.959999,106.099998,106.870003,33621800
2018-11-13,107.550003,108.739998,106.639999,106.940002,35374600
2018-11-14,108.099998,108.260002,104.470001,104.970001,39495100
2018-11-15,104.989998,107.800003,103.910004,107.279999,38505200
2018-11-16,107.080002,108.879997,106.800003,108.290001,33502100
2018-11-19,108.269997,108.559998,103.550003,104.620003,44773900
2018-11-20,101.800003,102.970001,99.349998,101.709999,64052500
2018-11-21,103.599998,104.430000,102.239998,103.110001,28130600
2018-11-23,102.169998,103.809998,102.000000,103.070000,13823100
2018-11-26,104.790001,106.629997,104.580002,106.470001,32336200
2018-11-27,106.269997,107.330002,105.360001,107.139999,29124500
2018-11-28,107.889999,111.330002,107.860001,111.120003,46788500
2018-11-29,110.330002,111.120003,109.029999,110.190002,28123200
2018-11-30,110.699997,110.970001,109.360001,110.889999,33665600
2018-12-03,113.000000,113.419998,110.730003,112.089996,34732800
2018-12-04,111.940002,112.639999,108.209999,108.519997,45197000
2018-12-06,105.820000,109.239998,105.000000,109.190002,49107400
2018-12-07,108.379997,109.449997,104.300003,104.820000,45044900
2018-12-10,104.800003,107.980003,103.889999,107.589996,40801500
2018-12-11,109.800003,110.949997,107.440002,108.589996,42381900
2018-12-12,110.889999,111.269997,109.040001,109.080002,36183000
2018-12-13,109.580002,110.870003,108.629997,109.449997,31333400
2018-12-14,108.250000,109.260002,105.500000,106.029999,47043100
2018-12-17,105.410004,105.800003,101.709999,102.889999,56957300
2018-12-18,103.750000,104.510002,102.519997,103.970001,49319200
2018-12-19,103.650002,106.879997,101.349998,103.690002,68198200
2018-12-20,103.050003,104.309998,98.779999,101.510002,70334200
2018-12-21,101.629997,103.000000,97.459999,98.230003,111242100
2018-12-24,97.680000,97.970001,93.980003,94.129997,43935200
2018-12-26,95.139999,100.690002,93.959999,100.559998,51634800
2018-12-27,99.300003,101.190002,96.400002,101.180000,49498500
2018-12-28,102.089996,102.410004,99.519997,100.389999,38196300
2018-12-31,101.290001,102.400002,100.440002,101.570000,33173800
2019-01-02,99.550003,101.750000,98.940002,101.120003,35329300
2019-01-03,100.099998,100.190002,97.199997,97.400002,42579100
2019-01-04,99.720001,102.510002,98.930000,101.930000,44060600
2019-01-07,101.639999,103.269997,100.980003,102.059998,35656100
2019-01-08,103.040001,103.970001,101.709999,102.800003,31514400
2019-01-09,103.860001,104.879997,103.239998,104.269997,32280800
2019-01-10,103.220001,103.750000,102.379997,103.599998,30067600
2019-01-11,103.190002,103.440002,101.639999,102.800003,28314200
2019-01-14,101.900002,102.870003,101.260002,102.050003,28437100
2019-01-15,102.510002,105.050003,101.879997,105.010002,31587600
2019-01-16,105.260002,106.260002,104.959999,105.379997,29853900
2019-01-17,105.000000,106.629997,104.760002,106.120003,28393000
2019-01-18,107.459999,107.900002,105.910004,107.709999,37427600
2019-01-22,106.750000,107.099998,104.860001,105.680000,32371300
2019-01-23,106.120003,107.040001,105.339996,106.709999,25874300
2019-01-24,106.860001,107.000000,105.339996,106.199997,23164800
2019-01-25,107.239998,107.879997,106.199997,107.169998,31225600
2019-01-28,106.260002,106.480003,104.660004,105.080002,29476700
2019-01-29,104.879997,104.970001,102.169998,102.940002,31490500
2019-01-30,104.620003,106.379997,104.330002,106.379997,49471900
2019-01-31,103.800003,105.220001,103.180000,104.430000,55636400
2019-02-01,103.779999,104.099998,102.349998,102.779999,35535700
2019-02-04,102.870003,105.800003,102.769997,105.739998,31315100
2019-02-05,106.059998,107.269997,105.959999,107.220001,27325400
2019-02-06,107.000000,107.000000,105.529999,106.029999,20609800
2019-02-07,105.190002,105.589996,104.290001,105.269997,29760700
2019-02-08,104.389999,105.779999,104.260002,105.669998,21461100
2019-02-11,106.199997,106.580002,104.970001,105.250000,18914100
2019-02-12,106.139999,107.139999,105.480003,106.889999,25056600
2019-02-13,107.500000,107.779999,106.709999,106.809998,18394900
2019-02-14,106.309998,107.290001,105.660004,106.900002,21784700
2019-02-15,107.910004,108.300003,107.360001,108.220001,26606900
2019-02-19,107.790001,108.660004,107.779999,108.169998,18038500
2019-02-20,107.860001,107.940002,106.290001,107.150002,21607700
2019-02-21,106.900002,109.480003,106.870003,109.410004,29063200
2019-02-22,110.050003,111.199997,109.820000,110.970001,27763200
2019-02-25,111.760002,112.180000,111.260002,111.589996,23750600
2019-02-26,111.260002,113.239998,111.169998,112.360001,21536700
2019-02-27,111.690002,112.360001,110.879997,112.169998,21487100
2019-02-28,112.040001,112.879997,111.730003,112.029999,29083900
2019-03-01,112.889999,113.019997,111.669998,112.529999,23501200
2019-03-04,113.019997,113.250000,110.800003,112.260002,26608000
2019-03-05,112.250000,112.389999,111.230003,111.699997,19538300
2019-03-06,111.870003,112.660004,111.430000,111.750000,17687000
2019-03-07,111.400002,111.550003,109.870003,110.389999,25339000
2019-03-08,109.160004,110.709999,108.800003,110.510002,22818400
2019-03-11,110.989998,112.949997,110.980003,112.830002,26491600
2019-03-12,112.820000,113.989998,112.650002,113.620003,26132700
2019-03-13,114.129997,115.000000,113.779999,114.500000,35513800
2019-03-14,114.540001,115.199997,114.330002,114.589996,30763400
2019-03-15,115.339996,117.250000,114.589996,115.910004,54681100
2019-03-18,116.169998,117.610001,116.050003,117.570000,31207600
2019-03-19,118.089996,118.440002,116.989998,117.650002,37588700
2019-03-20,117.389999,118.750000,116.709999,117.519997,28113300
2019-03-21,117.139999,120.820000,117.089996,120.220001,29854400
2019-03-22,119.500000,119.589996,117.040001,117.050003,33624500
2019-03-25,116.559998,118.010002,116.320000,117.660004,27067100
2019-03-26,118.620003,118.709999,116.849998,117.910004,26097700
2019-03-27,117.879997,118.209999,115.519997,116.769997,22733400
2019-03-28,117.440002,117.580002,116.129997,116.930000,18334800
2019-03-29,118.070000,118.320000,116.959999,117.940002,25399800
2019-04-01,118.949997,119.110001,118.099998,119.019997,22789100
2019-04-02,119.059998,119.480003,118.519997,119.190002,18142300
2019-04-03,119.860001,120.430000,119.150002,119.970001,22860700
2019-04-04,120.099998,120.230003,118.379997,119.360001,20112800
2019-04-05,119.389999,120.230003,119.370003,119.889999,15826200
2019-04-08,119.809998,120.019997,118.639999,119.930000,15116200
2019-04-09,118.629997,119.540001,118.580002,119.279999,17612000
2019-04-10,119.760002,120.349998,119.540001,120.190002,16477200
2019-04-11,120.540001,120.849998,119.919998,120.330002,14209100
2019-04-12,120.639999,120.980003,120.370003,120.949997,19745100
2019-04-15,120.940002,121.580002,120.570000,121.050003,15792600
2019-04-16,121.639999,121.650002,120.099998,120.769997,14071800
2019-04-17,121.239998,121.849998,120.540001,121.769997,19300900
2019-04-18,122.190002,123.519997,121.300003,123.370003,27991000
2019-04-22,122.620003,124.000000,122.570000,123.760002,15648700
2019-04-23,124.099998,125.580002,123.830002,125.440002,24025500
2019-04-24,125.790001,125.849998,124.519997,125.010002,31257000
2019-04-25,130.059998,131.369995,128.830002,129.149994,38033900
2019-04-26,129.699997,130.520004,129.020004,129.889999,23654900
2019-04-29,129.899994,130.179993,129.350006,129.770004,16324200
2019-04-30,129.809998,130.699997,129.389999,130.600006,24166500
2019-05-01,130.529999,130.649994,127.699997,127.879997,26821700
2019-05-02,127.980003,128.000000,125.519997,126.209999,27350200
2019-05-03,127.360001,129.429993,127.250000,128.899994,24911100
2019-05-06,126.389999,128.559998,126.110001,128.149994,24239800
2019-05-07,126.459999,127.180000,124.220001,125.519997,36017700
2019-05-08,125.440002,126.370003,124.750000,125.510002,28419000
2019-05-09,124.290001,125.790001,123.570000,125.500000,27235800
2019-05-10,124.910004,127.930000,123.820000,127.129997,30915100
2019-05-13,124.110001,125.550003,123.040001,123.349998,33944900
2019-05-14,123.870003,125.879997,123.699997,124.730003,25266300
2019-05-15,124.260002,126.709999,123.699997,126.019997,24722700
2019-05-16,126.750000,129.380005,126.459999,128.929993,30112200
2019-05-17,128.309998,130.460007,127.919998,128.070007,25770500
2019-05-20,126.519997,127.589996,125.760002,126.220001,23706900
2019-05-21,127.430000,127.529999,126.580002,126.900002,15293300
2019-05-22,126.620003,128.240005,126.519997,127.669998,15396500
2019-05-23,126.199997,126.290001,124.739998,126.180000,23603800
2019-05-24,126.910004,127.419998,125.970001,126.239998,14123400
2019-05-28,126.980003,128.000000,126.050003,126.160004,23128400
2019-05-29,125.379997,125.389999,124.040001,124.940002,22763100
2019-05-30,125.260002,125.760002,124.779999,125.730003,16829600
2019-05-31,124.230003,124.620003,123.320000,123.680000,26646800
2019-06-03,123.849998,124.370003,119.010002,119.839996,37983600
2019-06-04,121.279999,123.279999,120.650002,123.160004,29382600
2019-06-05,124.949997,125.870003,124.209999,125.830002,24926100
2019-06-06,126.440002,127.970001,125.599998,127.820000,21459000
2019-06-07,129.190002,132.250000,128.259995,131.399994,33885600
2019-06-10,132.399994,134.080002,132.000000,132.600006,26477100
2019-06-11,133.880005,134.240005,131.279999,132.100006,23913700
2019-06-12,131.399994,131.970001,130.710007,131.490005,17092500
2019-06-13,131.979996,133.000000,131.559998,132.320007,17200800
2019-06-14,132.259995,133.789993,131.639999,132.449997,17821700
2019-06-17,132.630005,133.729996,132.529999,132.850006,14517800
2019-06-18,134.190002,135.240005,133.570007,135.160004,25934500
2019-06-19,135.000000,135.929993,133.809998,135.690002,23744400
2019-06-20,137.449997,137.660004,135.720001,136.949997,33042600
2019-06-21,136.580002,137.729996,136.460007,136.970001,36727900
2019-06-24,137.000000,138.399994,137.000000,137.779999,20628800
2019-06-25,137.250000,137.589996,132.729996,133.429993,33327400
2019-06-26,134.350006,135.740005,133.600006,133.929993,23657700
2019-06-27,134.139999,134.710007,133.509995,134.149994,16557500
2019-06-28,134.570007,134.600006,133.160004,133.960007,30043000
2019-07-01,136.630005,136.699997,134.970001,135.679993,22613500
2019-07-02,136.119995,136.589996,135.339996,136.580002,15237800
2019-07-03,136.800003,137.740005,136.289993,137.460007,13629300
2019-07-05,135.940002,137.330002,135.720001,137.059998,18141100
2019-07-08,136.399994,137.100006,135.369995,136.960007,16779700
2019-07-09,136.000000,136.970001,135.800003,136.460007,19953100
2019-07-10,137.130005,138.580002,137.020004,137.850006,24204400
2019-07-11,138.199997,139.220001,137.869995,138.399994,22327900
2019-07-12,138.850006,139.130005,138.009995,138.899994,18936800
2019-07-15,139.440002,139.539993,138.460007,138.899994,16651500
2019-07-16,138.960007,139.050003,136.520004,137.080002,22726100
2019-07-17,137.699997,137.929993,136.220001,136.270004,20211000
2019-07-18,135.550003,136.619995,134.669998,136.419998,30381800
2019-07-19,140.220001,140.669998,136.449997,136.619995,48992400
2019-07-22,137.410004,139.190002,137.330002,138.429993,25074900
2019-07-23,139.759995,139.990005,138.029999,139.289993,18034600
2019-07-24,138.899994,140.740005,138.850006,140.720001,20738300
2019-07-25,140.429993,140.610001,139.320007,140.190002,18356900
2019-07-26,140.369995,141.679993,140.300003,141.339996,19037600
2019-07-29,141.500000,141.509995,139.369995,141.029999,16605900
2019-07-30,140.139999,141.220001,139.800003,140.350006,16846500
2019-07-31,140.330002,140.490005,135.080002,136.270004,38598800
2019-08-01,137.000000,140.940002,136.929993,138.059998,40557500
2019-08-02,138.089996,138.320007,135.259995,136.899994,30791600
2019-08-05,133.300003,133.929993,130.779999,132.210007,42749600
2019-08-06,133.800003,135.679993,133.210007,134.690002,32696700
2019-08-07,133.789993,135.649994,131.830002,135.279999,33414500
2019-08-08,136.600006,138.990005,135.929993,138.889999,27496500
2019-08-09,138.610001,139.380005,136.460007,137.710007,23466700
2019-08-12,137.070007,137.860001,135.240005,135.789993,20484300
2019-08-13,136.050003,138.800003,135.000000,138.600006,25154600
2019-08-14,136.360001,136.919998,133.669998,133.979996,32527300
2019-08-15,134.389999,134.580002,132.250000,133.679993,28074400
2019-08-16,134.880005,136.460007,134.720001,136.130005,24449100
2019-08-19,137.850006,138.550003,136.889999,138.410004,24355700
2019-08-20,138.210007,138.710007,137.240005,137.259995,21170800
2019-08-21,138.550003,139.490005,138.000000,138.789993,14970300
2019-08-22,138.660004,139.199997,136.289993,137.779999,18697000
2019-08-23,137.190002,138.350006,132.800003,133.389999,38508600
2019-08-26,134.990005,135.559998,133.899994,135.449997,20312600
2019-08-27,136.389999,136.720001,134.660004,135.740005,23102100
2019-08-28,134.880005,135.759995,133.550003,135.559998,17393300
2019-08-29,137.250000,138.440002,136.910004,138.119995,20168700
2019-08-30,139.149994,139.179993,136.270004,137.860001,23940100
2019-09-03,136.610001,137.199997,135.699997,136.039993,18869300
2019-09-04,137.300003,137.690002,136.479996,137.630005,17995900
2019-09-05,139.110001,140.380005,138.759995,140.050003,26101800
2019-09-06,140.029999,140.179993,138.199997,139.100006,20824500
2019-09-09,139.589996,139.750000,136.460007,137.520004,25773900
2019-09-10,136.800003,136.889999,134.509995,136.080002,28903400
2019-09-11,135.910004,136.270004,135.089996,136.119995,24726100
2019-09-12,137.850006,138.419998,136.869995,137.520004,27010000
2019-09-13,137.779999,138.059998,136.570007,137.320007,23363100
2019-09-16,135.830002,136.699997,135.660004,136.330002,16731400
2019-09-17,136.960007,137.520004,136.429993,137.389999,17814200
2019-09-18,137.360001,138.669998,136.529999,138.520004,23982100
2019-09-19,140.300003,142.369995,140.070007,141.070007,35772100
2019-09-20,141.009995,141.649994,138.250000,139.440002,39167300
2019-09-23,139.229996,139.630005,138.440002,139.139999,17139300
2019-09-24,140.360001,140.690002,136.880005,137.380005,29773200
2019-09-25,137.500000,139.960007,136.029999,139.360001,21382000
2019-09-26,139.440002,140.179993,138.440002,139.539993,17456600
2019-09-27,140.149994,140.360001,136.649994,137.729996,22477700
2019-09-30,138.050003,139.220001,137.779999,139.029999,17280900
2019-10-01,139.660004,140.250000,137.000000,137.070007,21466600
2019-10-02,136.250000,136.369995,133.580002,134.649994,30521700
2019-10-03,134.949997,136.750000,133.220001,136.279999,24132900
2019-10-04,136.750000,138.250000,136.419998,138.119995,22897700
2019-10-07,137.139999,138.179993,137.020004,137.119995,15303700
2019-10-08,137.080002,137.759995,135.619995,135.669998,25550500
2019-10-09,137.460007,138.699997,136.970001,138.240005,19749900
2019-10-10,138.490005,139.669998,138.250000,139.100006,17654600
2019-10-11,140.119995,141.029999,139.500000,139.679993,25446000
2019-10-14,139.690002,140.289993,139.520004,139.550003,13304300
2019-10-15,140.059998,141.789993,139.809998,141.570007,19695700
2019-10-16,140.789993,140.990005,139.529999,140.410004,20751600
2019-10-17,140.949997,141.419998,139.020004,139.690002,21460600
2019-10-18,139.759995,140.000000,136.559998,137.410004,32273500
2019-10-21,138.449997,138.500000,137.009995,138.429993,20078200
2019-10-22,138.970001,140.009995,136.259995,136.369995,27431000
2019-10-23,136.880005,137.449997,135.610001,137.240005,29844600
2019-10-24,139.389999,140.419998,138.669998,139.940002,37029300
2019-10-25,139.339996,141.139999,139.199997,140.729996,25959700
2019-10-28,144.399994,145.669998,143.509995,144.190002,35280100
2019-10-29,144.080002,144.500000,142.649994,142.830002,20589500
2019-10-30,143.520004,145.000000,142.789993,144.610001,18496600
2019-10-31,144.899994,144.929993,142.990005,143.369995,24605100
2019-11-01,144.259995,144.419998,142.970001,143.720001,33128400
2019-11-04,144.830002,145.000000,144.160004,144.550003,16912000
2019-11-05,144.970001,145.020004,143.910004,144.460007,18250200
2019-11-06,144.369995,144.520004,143.199997,144.059998,16575800
2019-11-07,143.839996,144.880005,143.770004,144.259995,17786700
2019-11-08,143.979996,145.990005,143.759995,145.960007,16732700
2019-11-11,145.339996,146.419998,144.729996,146.110001,14362600
2019-11-12,146.279999,147.570007,146.059998,147.070007,18641600
2019-11-13,146.740005,147.460007,146.279999,147.309998,16919200
2019-11-14,147.020004,148.410004,147.000000,148.059998,19729800
2019-11-15,148.929993,149.990005,148.270004,149.970001,23485700
2019-11-18,150.070007,150.550003,148.979996,150.339996,21534000
2019-11-19,150.880005,151.330002,150.199997,150.389999,23935700
2019-11-20,150.309998,150.839996,148.460007,149.619995,25696800
2019-11-21,149.399994,149.800003,148.500000,149.479996,18576100
2019-11-22,150.070007,150.300003,148.820007,149.589996,15901800
2019-11-25,150.000000,151.350006,149.919998,151.229996,22420900
2019-11-26,151.360001,152.419998,151.320007,152.029999,24620100
2019-11-27,152.330002,152.500000,151.520004,152.320007,15184400
2019-11-29,152.100006,152.300003,151.279999,151.380005,11977300
2019-12-02,151.809998,151.830002,148.320007,149.550003,27418400
2019-12-03,147.490005,149.429993,146.649994,149.309998,24066000
2019-12-04,150.139999,150.179993,149.199997,149.850006,17574700
2019-12-05,150.050003,150.320007,149.479996,149.929993,17869100
2019-12-06,150.990005,151.869995,150.270004,151.750000,16403500
2019-12-09,151.070007,152.210007,150.910004,151.360001,16687400
2019-12-10,151.289993,151.889999,150.759995,151.130005,16476100
2019-12-11,151.539993,151.869995,150.330002,151.699997,18856600
2019-12-12,151.649994,153.440002,151.020004,153.240005,24612100
2019-12-13,153.000000,154.889999,152.830002,154.529999,23845400
2019-12-16,155.110001,155.899994,154.820007,155.529999,24144200
2019-12-17,155.449997,155.710007,154.449997,154.690002,25425600
2019-12-18,154.300003,155.479996,154.179993,154.369995,24129200
2019-12-19,154.000000,155.770004,153.750000,155.710007,24958900
2019-12-20,157.350006,158.490005,156.289993,157.410004,53477500
2019-12-23,158.119995,158.119995,157.270004,157.410004,17718200
2019-12-24,157.479996,157.710007,157.119995,157.380005,8989200
2019-12-26,157.559998,158.729996,157.399994,158.669998,14520600
2019-12-27,159.449997,159.550003,158.220001,158.960007,18412800
2019-12-30,158.990005,159.020004,156.729996,157.589996,16348400
2019-12-31,156.770004,157.770004,156.449997,157.699997,18369400
2020-01-02,158.779999,160.729996,158.330002,160.619995,22622100
2020-01-03,158.320007,159.949997,158.059998,158.619995,21116200
2020-01-06,157.080002,159.100006,156.509995,159.029999,20813700
2020-01-07,159.320007,159.669998,157.320007,157.580002,21634100
2020-01-08,158.929993,160.800003,157.949997,160.089996,27746500
2020-01-09,161.839996,162.220001,161.029999,162.089996,21385000
2020-01-10,162.820007,163.220001,161.179993,161.339996,20725900
2020-01-13,161.759995,163.309998,161.259995,163.279999,21626500
2020-01-14,163.389999,163.600006,161.720001,162.130005,23477400
2020-01-15,162.619995,163.940002,162.570007,163.179993,21417900
2020-01-16,164.350006,166.240005,164.029999,166.169998,23865400
2020-01-17,167.419998,167.470001,165.429993,167.100006,34371700
2020-01-21,166.679993,168.190002,166.429993,166.500000,29517200
2020-01-22,167.399994,167.490005,165.679993,165.699997,24138800
2020-01-23,166.190002,166.800003,165.270004,166.720001,19680800
2020-01-24,167.509995,167.529999,164.449997,165.039993,24918100
2020-01-27,161.149994,163.380005,160.199997,162.279999,32078100
2020-01-28,163.779999,165.759995,163.070007,165.460007,24899900
2020-01-29,167.839996,168.750000,165.690002,168.039993,34754500
2020-01-30,174.050003,174.050003,170.789993,172.779999,51597500
2020-01-31,172.210007,172.399994,169.580002,170.229996,36142700
2020-02-03,170.429993,174.500000,170.399994,174.380005,30107000
2020-02-04,177.139999,180.639999,176.309998,180.119995,36433300
2020-02-05,184.029999,184.199997,178.410004,179.899994,39186300
2020-02-06,180.970001,183.820007,180.059998,183.630005,27751400
2020-02-07,182.850006,185.630005,182.479996,183.889999,33529100
2020-02-10,183.580002,188.839996,183.250000,188.699997,35844300
2020-02-11,190.649994,190.699997,183.500000,184.440002,53159900
2020-02-12,185.580002,185.850006,181.850006,184.710007,47062900
2020-02-13,183.080002,186.229996,182.869995,183.710007,35295800
2020-02-14,183.250000,185.410004,182.649994,185.350006,23149500
2020-02-18,185.610001,187.699997,185.500000,187.229996,27792200
2020-02-19,188.059998,188.179993,186.470001,187.279999,29997500
2020-02-20,186.949997,187.250000,181.100006,184.419998,36862400
2020-02-21,183.169998,183.500000,177.250000,178.589996,48572600
2020-02-24,167.770004,174.550003,163.229996,170.889999,68311100
2020-02-25,174.199997,174.839996,167.649994,168.070007,68073300
2020-02-26,169.710007,173.259995,168.210007,170.169998,56206100
2020-02-27,163.320007,167.029999,157.979996,158.179993,93174900
2020-02-28,152.410004,163.710007,152.000000,162.009995,97012700
2020-03-02,165.309998,172.919998,162.309998,172.789993,71030800
2020-03-03,173.800003,175.000000,162.259995,164.509995,71677000
2020-03-04,168.490005,170.699997,165.619995,170.550003,49814400
2020-03-05,166.050003,170.869995,165.690002,166.270004,47817300
2020-03-06,162.610001,163.110001,156.000000,161.570007,72821100
2020-03-09,151.000000,157.750000,150.000000,150.619995,70419300
2020-03-10,158.160004,161.029999,152.580002,160.919998,65354400
2020-03-11,157.130005,157.699997,151.149994,153.630005,56371600
2020-03-12,145.300003,153.470001,138.580002,139.059998,93226400
2020-03-13,147.500000,161.910004,140.729996,158.830002,92727400
2020-03-16,140.000000,149.350006,135.000000,135.419998,87905900
2020-03-17,140.000000,147.500000,135.000000,146.570007,81059800
2020-03-18,138.000000,146.000000,135.020004,140.399994,81593200
2020-03-19,142.770004,150.149994,139.000000,142.710007,85922700
2020-03-20,146.000000,147.100006,135.860001,137.350006,84866200
2020-03-23,137.009995,140.570007,132.520004,135.979996,78975200
2020-03-24,143.750000,149.600006,141.270004,148.339996,82516700
2020-03-25,148.910004,154.330002,144.440002,146.919998,75638200
2020-03-26,148.399994,156.660004,148.369995,156.110001,64568100
2020-03-27,151.750000,154.889999,149.199997,149.699997,57042300
2020-03-30,152.440002,160.600006,150.009995,160.229996,63420300
2020-03-31,159.399994,164.779999,156.559998,157.710007,77927200
2020-04-01,153.000000,157.750000,150.820007,152.110001,57969900
2020-04-02,151.860001,155.479996,150.360001,155.259995,49630700
2020-04-03,155.100006,157.380005,152.190002,153.830002,41243300
2020-04-06,160.320007,166.500000,157.580002,165.270004,67111700
2020-04-07,169.589996,170.000000,163.259995,163.490005,62769000
2020-04-08,165.669998,166.669998,163.500000,165.130005,48318200
2020-04-09,166.360001,167.369995,163.330002,165.139999,51385100
2020-04-13,164.350006,165.570007,162.300003,165.509995,41905300
2020-04-14,169.000000,173.750000,168.000000,173.699997,52874300
2020-04-15,171.199997,173.570007,169.240005,171.880005,40940800
2020-04-16,174.300003,177.279999,172.899994,177.039993,50479600
2020-04-17,179.500000,180.000000,175.869995,178.600006,52765600
2020-04-20,176.630005,178.750000,174.990005,175.059998,36669600
2020-04-21,173.500000,173.669998,166.110001,167.820007,56203700
2020-04-22,171.389999,174.000000,170.820007,173.520004,34620200
2020-04-23,174.110001,175.059998,170.910004,171.419998,32790800
2020-04-24,172.059998,174.559998,170.710007,174.550003,34277600
2020-04-27,176.589996,176.899994,173.300003,174.050003,33194400
2020-04-28,175.589996,175.669998,169.389999,169.809998,34392700
2020-04-29,173.220001,177.679993,171.880005,177.429993,51286600
2020-04-30,180.000000,180.399994,176.229996,179.210007,53875900
2020-05-01,175.800003,178.639999,174.009995,174.570007,39370500
2020-05-04,174.490005,179.000000,173.800003,178.839996,30372900
2020-05-05,180.619995,183.649994,179.899994,180.759995,36839200
2020-05-06,182.080002,184.199997,181.630005,182.539993,32139300
2020-05-07,184.169998,184.550003,182.580002,183.600006,28316000
2020-05-08,184.979996,185.000000,183.360001,184.679993,30877800
2020-05-11,183.149994,187.509995,182.850006,186.740005,30892700
2020-05-12,186.800003,187.039993,182.300003,182.509995,32038200
2020-05-13,182.550003,184.050003,176.539993,179.750000,44711500
2020-05-14,177.539993,180.690002,175.679993,180.529999,41873900
2020-05-15,179.059998,187.059998,177.000000,183.160004,46610400
2020-05-18,185.750000,186.199997,183.960007,184.910004,35264500
2020-05-19,185.029999,186.600006,183.490005,183.630005,26799100
2020-05-20,184.809998,185.850006,183.940002,185.660004,31261300
2020-05-21,185.399994,186.669998,183.289993,183.429993,29119500
2020-05-22,183.190002,184.460007,182.539993,183.509995,20826900
2020-05-26,186.339996,186.500000,181.100006,181.570007,36073600
2020-05-27,180.199997,181.990005,176.600006,181.809998,39517100
2020-05-28,180.740005,184.149994,180.380005,181.399994,33810200
2020-05-29,182.729996,184.270004,180.410004,183.250000,42130400
2020-06-01,182.539993,183.000000,181.460007,182.830002,22622400
2020-06-02,184.250000,185.000000,181.350006,184.910004,30794600
2020-06-03,184.820007,185.940002,183.580002,185.360001,27311000
2020-06-04,184.300003,185.839996,182.300003,182.919998,28761800
2020-06-05,182.619995,187.729996,182.009995,187.199997,39893600
2020-06-08,185.940002,188.550003,184.440002,188.360001,33211600
2020-06-09,188.000000,190.699997,187.259995,189.800003,29783900
2020-06-10,191.130005,198.520004,191.009995,196.839996,43872300
2020-06-11,193.130005,195.759995,186.070007,186.270004,52854700
2020-06-12,190.539993,191.720001,185.179993,187.740005,43373600
2020-06-15,184.580002,190.820007,184.009995,188.940002,32770200
2020-06-16,192.889999,195.580002,191.460007,193.570007,42556700
2020-06-17,195.029999,196.320007,193.690002,194.240005,25687800
2020-06-18,194.000000,196.490005,194.000000,196.320007,23061600
2020-06-19,198.589996,199.289993,194.369995,195.149994,44441100
2020-06-22,195.789993,200.759995,195.229996,200.570007,32818900
2020-06-23,202.089996,203.949997,201.429993,201.910004,30917400
2020-06-24,201.600006,203.250000,196.559998,197.839996,36740600
2020-06-25,197.800003,200.610001,195.470001,200.339996,27803900
2020-06-26,199.729996,199.889999,194.880005,196.330002,54675800
2020-06-29,195.779999,198.529999,193.550003,198.440002,26701600
2020-06-30,197.880005,204.399994,197.740005,203.509995,34310300
2020-07-01,203.139999,206.350006,201.770004,204.699997,32061200
2020-07-02,205.679993,208.020004,205.000000,206.259995,29315800
2020-07-06,208.830002,211.130005,208.089996,210.699997,31897600
2020-07-07,210.449997,214.669998,207.990005,208.250000,33600700
2020-07-08,210.070007,213.259995,208.690002,212.830002,33600000
2020-07-09,216.330002,216.380005,211.470001,214.320007,33121700
2020-07-10,213.619995,214.080002,211.080002,213.669998,26177600
2020-07-13,214.479996,215.800003,206.500000,207.070007,38135600
2020-07-14,206.130005,208.850006,202.029999,208.350006,37591800
2020-07-15,209.559998,211.330002,205.029999,208.039993,32179400
2020-07-16,205.399994,205.699997,202.309998,203.919998,29940700
2020-07-17,204.470001,205.039993,201.389999,202.880005,31635300
2020-07-20,205.000000,212.300003,203.009995,211.600006,36884800
2020-07-21,213.660004,213.940002,208.029999,208.750000,37990400
2020-07-22,209.199997,212.300003,208.389999,211.750000,49605700
2020-07-23,207.190002,210.919998,202.149994,202.539993,67457000
2020-07-24,200.419998,202.860001,197.509995,201.300003,39827000
2020-07-27,201.470001,203.970001,200.860001,203.850006,30160900
2020-07-28,203.610001,204.699997,201.740005,202.020004,23251400
2020-07-29,202.500000,204.649994,202.009995,204.059998,19632600
2020-07-30,201.000000,204.460007,199.570007,203.899994,25079600
2020-07-31,204.399994,205.100006,199.009995,205.009995,51044000
2020-08-03,211.520004,217.639999,210.440002,216.539993,78983000
2020-08-04,214.169998,214.770004,210.309998,213.289993,49280100
2020-08-05,214.899994,215.000000,211.570007,212.940002,28806400
2020-08-06,212.339996,216.369995,211.550003,216.350006,32656800
2020-08-07,214.850006,215.699997,210.929993,212.479996,27820400
2020-08-10,211.669998,211.880005,206.350006,208.250000,36716500
2020-08-11,207.160004,207.649994,203.139999,203.380005,36446500
2020-08-12,205.289993,210.279999,204.750000,209.190002,28013100
2020-08-13,209.440002,211.350006,208.149994,208.699997,22588900
2020-08-14,208.759995,209.589996,207.509995,208.899994,17958900
2020-08-17,209.600006,211.190002,208.919998,210.279999,20184800
2020-08-18,210.529999,212.360001,209.210007,211.490005,21336200
2020-08-19,211.490005,212.100006,209.250000,209.699997,27627600
2020-08-20,209.539993,215.000000,208.910004,214.580002,26981500
2020-08-21,213.860001,216.250000,212.850006,213.020004,36249300
2020-08-24,214.789993,215.520004,212.429993,213.690002,25460100
2020-08-25,213.100006,216.610001,213.100006,216.470001,23043700
2020-08-26,217.880005,222.089996,217.360001,221.149994,39600800
2020-08-27,222.889999,231.149994,219.399994,226.580002,57602200
2020-08-28,228.179993,230.639999,226.580002,228.910004,26292900
2020-08-31,227.000000,228.699997,224.309998,225.529999,28774200
2020-09-01,225.509995,227.449997,224.429993,227.270004,25725500
2020-09-02,227.970001,232.860001,227.350006,231.649994,34080800
2020-09-03,229.270004,229.309998,214.960007,217.300003,58400300
2020-09-04,215.100006,218.360001,205.190002,214.250000,59664100
2020-09-08,206.500000,210.029999,202.199997,202.660004,52924300
2020-09-09,207.600006,214.839996,206.699997,211.289993,45679000
2020-09-10,213.399994,214.740005,204.110001,205.369995,35461500
2020-09-11,207.199997,208.630005,201.240005,204.029999,33620100
2020-09-14,204.240005,209.199997,204.029999,205.410004,30375800
2020-09-15,208.419998,209.779999,206.929993,208.779999,21823900
2020-09-16,210.619995,210.649994,204.639999,205.050003,26328100
2020-09-17,200.050003,204.330002,199.960007,202.910004,34011300
2020-09-18,202.800003,203.649994,196.250000,200.389999,55225300
2020-09-21,197.190002,202.710007,196.380005,202.539993,39839700
2020-09-22,205.059998,208.100006,202.080002,207.419998,33517100
2020-09-23,207.899994,208.100006,200.029999,200.589996,30803800
2020-09-24,199.850006,205.570007,199.199997,203.190002,31202500
2020-09-25,203.550003,209.039993,202.539993,207.820007,29437300
2020-09-28,210.880005,212.570007,208.059998,209.440002,32004900
2020-09-29,209.350006,210.070007,206.809998,207.259995,24221900
2020-09-30,207.729996,211.979996,206.539993,210.330002,33829100
2020-10-01,213.490005,213.990005,211.320007,212.460007,27158400
2020-10-02,208.000000,210.990005,205.539993,206.190002,33154800
2020-10-05,207.220001,210.410004,206.979996,210.380005,21331600
2020-10-06,208.820007,210.179993,204.820007,205.910004,28554300
2020-10-07,207.059998,210.110001,206.720001,209.830002,25681100
2020-10-08,210.509995,211.190002,208.320007,210.580002,19925800
2020-10-09,211.229996,215.860001,211.229996,215.809998,26458000
2020-10-12,218.789993,223.860001,216.809998,221.399994,40461400
2020-10-13,222.720001,225.210007,220.429993,222.860001,28950800
2020-10-14,223.000000,224.220001,219.130005,220.860001,23421700
2020-10-15,217.100006,220.360001,216.009995,219.660004,22733100
2020-10-16,220.149994,222.289993,219.320007,219.660004,26057900
2020-10-19,220.419998,222.300003,213.720001,214.220001,27625800
2020-10-20,215.800003,217.369995,213.089996,214.649994,22753500
2020-10-21,213.119995,216.919998,213.119995,214.800003,22724900
2020-10-22,213.929993,216.059998,211.699997,214.889999,22351500
2020-10-23,215.029999,216.279999,213.160004,216.229996,18879600
2020-10-26,213.850006,216.339996,208.100006,210.080002,37111600
2020-10-27,211.589996,214.669998,210.330002,213.250000,36700300
2020-10-28,207.669998,208.839996,202.100006,202.679993,51195600
2020-10-29,204.070007,207.360001,203.369995,204.720001,31432600
2020-10-30,203.500000,204.289993,199.619995,202.470001,36953700
2020-11-02,204.289993,205.279999,200.119995,202.330002,30842200
2020-11-03,203.889999,208.119995,203.119995,206.429993,27512000
2020-11-04,214.020004,218.320007,212.419998,216.389999,42311800
2020-11-05,222.039993,224.119995,221.149994,223.289993,36080100
2020-11-06,222.259995,224.360001,218.029999,223.720001,25231900
2020-11-09,224.440002,228.119995,217.880005,218.389999,44395000
2020-11-10,214.500000,216.500000,209.720001,211.009995,44045100
2020-11-11,212.389999,218.039993,212.199997,216.550003,29440800
2020-11-12,217.210007,219.110001,214.460007,215.440002,21593900
2020-11-13,216.360001,217.419998,214.160004,216.509995,18621100
2020-11-16,214.869995,217.740005,214.520004,217.229996,24953300
2020-11-17,216.100006,217.679993,214.080002,214.460007,24154100
2020-11-18,213.649994,215.169998,210.929993,211.080002,28372800
2020-11-19,211.380005,213.029999,209.929993,212.419998,24792700
2020-11-20,212.199997,213.289993,210.000000,210.389999,22843100
2020-11-23,210.949997,212.289993,208.160004,210.110001,25683500
2020-11-24,209.589996,214.250000,208.860001,213.860001,33979700
2020-11-25,215.110001,215.289993,212.460007,213.869995,21012900
2020-11-27,214.850006,216.270004,214.039993,215.229996,14512200
2020-11-30,214.100006,214.759995,210.839996,214.070007,33064800
2020-12-01,214.509995,217.320007,213.350006,216.210007,30904500
2020-12-02,214.880005,215.470001,212.800003,215.369995,23724500
2020-12-03,214.610001,216.380005,213.649994,214.240005,25120900
2020-12-04,214.220001,215.380005,213.179993,214.360001,24666000
2020-12-07,214.369995,215.539993,212.990005,214.289993,24620000
2020-12-08,213.970001,216.949997,212.889999,216.009995,23284100
2020-12-09,215.160004,215.229996,211.210007,211.800003,32440600
2020-12-10,211.770004,213.080002,210.360001,210.520004,26733300
2020-12-11,210.050003,213.320007,209.110001,213.259995,30979400
2020-12-14,213.100006,216.210007,212.880005,214.199997,28798400
2020-12-15,215.169998,215.419998,212.240005,214.130005,27000600
2020-12-16,214.750000,220.110001,214.720001,219.279999,35023300
2020-12-17,219.869995,220.889999,217.919998,219.419998,32515800
2020-12-18,218.589996,219.690002,216.020004,218.589996,63354900
2020-12-21,217.550003,224.000000,217.279999,222.589996,37181900
2020-12-22,222.690002,225.630005,221.850006,223.940002,22612200
2020-12-23,223.110001,223.559998,220.800003,221.020004,18699600
2020-12-24,221.419998,223.610001,221.199997,222.750000,10550600
2020-12-28,224.449997,226.029999,223.020004,224.960007,17933500
2020-12-29,226.309998,227.179993,223.580002,224.149994,17403200
2020-12-30,225.229996,225.630005,221.470001,221.679993,20272300